Column1;name;serving_size;calories;total_fat;saturated_fat;cholesterol;sodium;choline;folate;folic_acid;niacin;pantothenic_acid;riboflavin;thiamin;vitamin_a;vitamin_a_rae;carotene_alpha;carotene_beta;cryptoxanthin_beta;lutein_zeaxanthin;lucopene;vitamin_b12;vitamin_b6;vitamin_c;vitamin_d;vitamin_e;tocopherol_alpha;vitamin_k;calcium;copper;irom;magnesium;manganese;phosphorous;potassium;selenium;zink;protein;alanine;arginine;aspartic_acid;cystine;glutamic_acid;glycine;histidine;gluten;isoleucine;leucine;lysine;methionine;phenylalanine;proline;serine;threonine;tryptophan;tyrosine;valine;carbohydrate;fiber;sugars;fructose;galactose;glucose;lactose;maltose;sucrose;fat;saturated_fatty_acids;monounsaturated_fatty_acids;polyunsaturated_fatty_acids;fatty_acids_total_trans;alcohol;ash;caffeine;theobromine;water
0;Cornstarch;100 g;381;0.1g;;0;9.00 mg;0.4 mg;0.00 mcg;0.00 mcg;0.000 mg;0.000 mg;0.000 mg;0.000 mg;0.00 IU;0.00 mcg;0.00 mcg;0.00 mcg;0.00 mcg;0.00 mcg;0;0.00 mcg;0.000 mg;0.0 mg;0.00 IU;0.00 mg;0.00 mg;0.0 mcg;2.00 mg;0.050 mg;0.47 mg;3.00 mg;0.053 mg;13.00 mg;3.00 mg;2.8 mcg;0.06 mg;0.26 g;0.019 g;0.012 g;0.020 g;0.006 g;0.053 g;0.009 g;0.008 g;1;0.010 g;0.036 g;0.006 g;0.006 g;0.013 g;0.024 g;0.012 g;0.009 g;0.001 g;0.010 g;0.014 g;91.27 g;0.9 g;0.00 g;0;0;0;0;0;0;0.05 g;0.009 g;0.016 g;0.025 g;0.00 mg;0.0 g;0.09 g;0.00 mg;0.00 mg;8.32 g
9;Vegetarian fillets;100 g;290;18g;2.8g;0;490.00 mg;82.0 mg;102.00 mcg;0.00 mcg;12.000 mg;0;0.900 mg;1.100 mg;0.00 IU;0.00 mcg;0.00 mcg;0.00 mcg;0.00 mcg;0.00 mcg;0;4.20 mcg;1.500 mg;0.0 mg;0.00 IU;3.45 mg;3.45 mg;0.0 mcg;95.00 mg;0.925 mg;2.00 mg;23.00 mg;0;450.00 mg;600.00 mg;1.0 mcg;1.40 mg;23.00 g;0;0;0;0;0;0;0;1;0;0;0;0;0;0;0;0;0;0;0;9.00 g;6.1 g;0.80 g;0;0;0;0;0;0;18.00 g;2.849 g;4.376 g;9.332 g;0.00 mg;0.0 g;5.00 g;0.00 mg;0.00 mg;45.00 g
85;SILK Original Creamer;100 g;100;6.7g;;0;67.00 mg;0;0;0;0;0;0;0;0.00 IU;0;0;0;0;0;0;0;0;0.0 mg;0;0;0;0;0.00 mg;0;0.00 mg;0;0;0;0;0;0;0.00 g;0;0;0;0;0;0;0;0;0;0;0;0;0;0;0;0;0;0;0;6.67 g;0.0 g;0.00 g;0;0;0;0;0;0;6.67 g;0.000 g;0;0;0.00 mg;0;0.38 g;0;0;86.29 g
86;SILK Hazelnut Creamer;100 g;133;6.7g;;0;67.00 mg;0;0;0;0;0;0;0;0.00 IU;0;0;0;0;0;0;0;0;200.0 mg;0;0;0;0;0.00 mg;0;0.00 mg;0;0;0;0;0;0;0.00 g;0;0;0;0;0;0;0;0;0;0;0;0;0;0;0;0;0;0;0;20.00 g;0.0 g;20.00 g;0;0;0;0;0;0;6.67 g;0.000 g;0;0;0.00 mg;0;0.38 g;0;0;72.95 g
89;Bacon and beef sticks;100 g;517;44g;16g;102mg;1420.00 mg;0;2.00 mcg;0.00 mcg;4.867 mg;1.060 mg;0.285 mg;0.600 mg;0.00 IU;0.00 mcg;0.00 mcg;0.00 mcg;0.00 mcg;0.00 mcg;0;1.90 mcg;0.500 mg;0.0 mg;0;0;0;1.6 mcg;14.00 mg;0.080 mg;1.86 mg;17.00 mg;0.038 mg;142.00 mg;385.00 mg;26.1 mcg;3.23 mg;29.10 g;1.480 g;1.516 g;2.073 g;0.262 g;3.383 g;1.641 g;0.699 g;0;0.971 g;1.732 g;1.824 g;0.593 g;0.868 g;1.188 g;0.942 g;0.959 g;0.210 g;0.710 g;1.083 g;0.80 g;0.0 g;0.80 g;0;0;0;0;0;0;44.20 g;16.000 g;21.900 g;4.300 g;102.00 mg;0.0 g;4.30 g;0.00 mg;0.00 mg;21.60 g
99;Ham and cheese spread;100 g;245;19g;8.6g;61mg;1197.00 mg;0;3.00 mcg;0.00 mcg;2.153 mg;0.590 mg;0.220 mg;0.318 mg;304.00 IU;91.00 mcg;0;0;0;0;0;0.73 mcg;0.130 mg;0.0 mg;0;0;0;0;217.00 mg;0.090 mg;0.76 mg;18.00 mg;0.036 mg;495.00 mg;162.00 mg;33.6 mcg;2.25 mg;16.18 g;0.802 g;0.892 g;1.378 g;0.255 g;2.887 g;0.587 g;0.597 g;0;0.775 g;1.504 g;1.476 g;0.475 g;0.771 g;1.356 g;0.806 g;0.683 g;0.372 g;0.666 g;1.014 g;2.28 g;0.0 g;0;0;0;0;0;0;0;18.53 g;8.620 g;7.080 g;1.380 g;61.00 mg;0;3.90 g;0;0;59.13 g
104;Horned melon (Kiwano);100 g;44;1.3g;;0;2.00 mg;0;3.00 mcg;0.00 mcg;0.565 mg;0.183 mg;0.015 mg;0.025 mg;147.00 IU;7.00 mcg;0;88.00 mcg;0;0;0;0;0.063 mg;5.3 mg;0;0;0;0;13.00 mg;0.020 mg;1.13 mg;40.00 mg;0.039 mg;37.00 mg;123.00 mg;0;0.48 mg;1.78 g;0;0;0;0;0;0;0;1;0;0;0;0;0;0;0;0;0;0;0;7.56 g;0;0;0;0;0;0;0;0;1.26 g;0;0;0;0;0;0.44 g;0;0;88.97 g
105;Ice cream sundae cone;100 g;254;14g;2.7g;15mg;115.00 mg;11.9 mg;19.00 mcg;14.00 mcg;1.111 mg;0.356 mg;0.213 mg;0.090 mg;410.00 IU;117.00 mcg;0.00 mcg;14.00 mcg;0.00 mcg;2.00 mcg;0;0.35 mcg;0.050 mg;0.0 mg;4.00 IU;0.11 mg;0.11 mg;0.5 mcg;60.00 mg;0.082 mg;0.36 mg;20.00 mg;0.087 mg;128.00 mg;204.00 mg;2.3 mcg;0.56 mg;3.00 g;0.026 g;0.029 g;0.034 g;0.019 g;0.295 g;0.029 g;0.018 g;0;0.031 g;0.058 g;0.016 g;0.015 g;0.041 g;0.099 g;0.041 g;0.022 g;0.010 g;0.023 g;0.035 g;28.89 g;1.0 g;21.26 g;0;0;0;0;0;0;14.00 g;2.717 g;1.775 g;0.747 g;15.00 mg;0.0 g;0.80 g;0.00 mg;2.00 mg;53.31 g
121;Potato salad with egg;100 g;157;9.4g;1.4g;17mg;329.00 mg;18.2 mg;13.00 mcg;0.00 mcg;0.800 mg;0.443 mg;0.017 mg;0.032 mg;163.00 IU;19.00 mcg;5.00 mcg;67.00 mcg;3.00 mcg;43.00 mcg;0;0.07 mcg;0.115 mg;0.8 mg;4.00 IU;0.68 mg;0.68 mg;14.3 mcg;15.00 mg;0.041 mg;0.50 mg;15.00 mg;0.112 mg;53.00 mg;242.00 mg;2.4 mcg;0.33 mg;1.96 g;0;0;0;0;0;0;0;1;0;0;0;0;0;0;0;0;0;0;0;16.18 g;1.3 g;4.95 g;1.31 g;0.00 g;1.54 g;0.00 g;0.39 g;1.70 g;9.40 g;1.437 g;2.000 g;4.983 g;17.00 mg;0.0 g;1.47 g;0.00 mg;0.00 mg;70.99 g
129;SILK Peach soy yogurt;100 g;94;1.2g;;0;15.00 mg;0;0;0;0;0;0;0;0.00 IU;0;0;0;0;0;0;0;0;17.6 mg;0;0;0;0;176.00 mg;0;0.64 mg;0;0;0;0;0;0;2.35 g;0;0;0;0;0;0;0;0;0;0;0;0;0;0;0;0;0;0;0;18.82 g;0.6 g;14.71 g;0;0;0;0;0;0;1.18 g;0.000 g;0;0;0.00 mg;0;1.24 g;0;0;76.41 g
130;SILK Plain soy yogurt;100 g;66;1.8g;0.2g;0;13.00 mg;0;0;0;0;0;0;0;0.00 IU;0;0;0;0;0;0;0;0;13.2 mg;53.00 IU;0;0;0;132.00 mg;0;0;0;0;0;0;0;0;2.64 g;0;0;0;0;0;0;0;0;0;0;0;0;0;0;0;0;0;0;0;9.69 g;0.4 g;5.29 g;0;0;0;0;0;0;1.76 g;0.220 g;0;0;0.00 mg;0;1.24 g;0;0;84.67 g
132;Yeast extract spread;100 g;185;0.9g;;0;3380.00 mg;65.1 mg;3786.00 mcg;2993.00 mcg;127.500 mg;4.600 mg;17.500 mg;23.375 mg;0.00 IU;0.00 mcg;0.00 mcg;0.00 mcg;0.00 mcg;0.00 mcg;0;0.50 mcg;0.000 mg;0.0 mg;0.00 IU;0.00 mg;0.00 mg;0.0 mcg;67.00 mg;0.245 mg;4.04 mg;180.00 mg;0.261 mg;104.00 mg;2100.00 mg;27.6 mcg;4.19 mg;23.88 g;0;0;0;0;0;0;0;1;0;0;0;0;0;0;0;0;0;0;0;20.42 g;6.5 g;1.60 g;0.00 g;0.00 g;0.00 g;0.00 g;1.60 g;0.00 g;0.90 g;0.000 g;0.000 g;0.000 g;0.00 mg;0.0 g;13.90 g;0.00 mg;0.00 mg;40.90 g
160;Barley flour or meal;100 g;345;1.6g;0.3g;0;4.00 mg;37.8 mg;8.00 mcg;0.00 mcg;6.269 mg;0.145 mg;0.114 mg;0.370 mg;0.00 IU;0.00 mcg;0.00 mcg;0.00 mcg;0.00 mcg;160.00 mcg;0;0.00 mcg;0.396 mg;0.0 mg;0.00 IU;0.57 mg;0.57 mg;2.2 mcg;32.00 mg;0.343 mg;2.68 mg;96.00 mg;1.034 mg;296.00 mg;309.00 mg;37.7 mcg;2.00 mg;10.50 g;0.409 g;0.526 g;0.655 g;0.232 g;2.741 g;0.380 g;0.236 g;1;0.383 g;0.713 g;0.391 g;0.202 g;0.589 g;1.247 g;0.443 g;0.356 g;0.175 g;0.301 g;0.515 g;74.52 g;10.1 g;0.80 g;0;0;0;0;0;0;1.60 g;0.335 g;0.205 g;0.771 g;0.00 mg;0.0 g;1.28 g;0.00 mg;0.00 mg;12.11 g
213;Soy protein isolate;100 g;335;3.4g;0.4g;0;1005.00 mg;190.9 mg;176.00 mcg;0.00 mcg;1.438 mg;0.060 mg;0.100 mg;0.176 mg;0.00 IU;0.00 mcg;0.00 mcg;0.00 mcg;0.00 mcg;0.00 mcg;0;0.00 mcg;0.100 mg;0.0 mg;0.00 IU;0.00 mg;0.00 mg;0.0 mcg;178.00 mg;1.599 mg;14.50 mg;39.00 mg;1.493 mg;776.00 mg;81.00 mg;0.8 mcg;4.03 mg;88.32 g;3.589 g;6.670 g;10.203 g;1.046 g;17.452 g;3.603 g;2.303 g;0;4.253 g;6.783 g;5.327 g;1.130 g;4.593 g;4.960 g;4.593 g;3.137 g;1.116 g;3.222 g;4.098 g;0.00 g;0.0 g;0.00 g;0;0;0;0;0;0;3.39 g;0.422 g;0.645 g;1.648 g;0.00 mg;0.0 g;3.58 g;0.00 mg;0.00 mg;4.98 g
233;Milk and cereal bar;100 g;413;11g;9.1g;6mg;319.00 mg;31.0 mg;98.00 mcg;87.00 mcg;8.194 mg;0.495 mg;0.696 mg;0.615 mg;627.00 IU;188.00 mcg;0.00 mcg;0.00 mcg;0.00 mcg;0.00 mcg;0;2.00 mcg;0.819 mg;15.4 mg;68.00 IU;0.42 mg;0.42 mg;2.5 mcg;410.00 mg;0.049 mg;5.99 mg;21.00 mg;0.206 mg;155.00 mg;254.00 mg;7.7 mcg;0.84 mg;6.47 g;0;0;0;0;0;0;0;0;0;0;0;0;0;0;0;0;0;0;0;72.05 g;0.4 g;45.97 g;0;0;0;0;0;0;10.98 g;9.114 g;1.186 g;0.239 g;6.00 mg;0.0 g;1.76 g;0.00 mg;0.00 mg;8.69 g
250;Acorn stew (Apache);100 g;95;3.5g;1.3g;20mg;130.00 mg;0;33.00 mcg;15.00 mcg;2.140 mg;0.212 mg;0.125 mg;0.175 mg;0.00 IU;0.00 mcg;0;0;0;0;0;0.68 mcg;0.055 mg;0.0 mg;0;0.30 mg;0.30 mg;0.0 mcg;14.00 mg;0.030 mg;1.00 mg;12.00 mg;0.140 mg;62.00 mg;110.00 mg;8.3 mcg;1.60 mg;6.81 g;0.450 g;0.470 g;0.830 g;0.090 g;1.510 g;0.420 g;0.230 g;0;0.350 g;0.620 g;0.580 g;0.160 g;0.330 g;0.460 g;0.330 g;0.360 g;0.040 g;0.250 g;0.390 g;9.22 g;0.7 g;0.34 g;0.00 g;0.00 g;0.00 g;0.00 g;0.19 g;0.16 g;3.47 g;1.280 g;1.680 g;0.297 g;20.00 mg;0;0.72 g;0;0;79.78 g
269;Ice cream sandwich;100 g;237;8.6g;2.3g;21mg;129.00 mg;8.0 mg;34.00 mcg;27.00 mcg;1.566 mg;0.209 mg;0.146 mg;0.111 mg;286.00 IU;86.00 mcg;0.00 mcg;0.00 mcg;0.00 mcg;6.00 mcg;0;0.05 mcg;0.028 mg;0.0 mg;0.00 IU;0.40 mg;0.40 mg;1.3 mcg;86.00 mg;0.254 mg;0.26 mg;29.00 mg;0.381 mg;72.00 mg;115.00 mg;3.1 mcg;0.60 mg;4.29 g;0;0;0;0;0;0;0;1;0;0;0;0;0;0;0;0;0;0;0;37.14 g;0.0 g;18.57 g;0;0;0;0;0;0;8.57 g;2.317 g;2.661 g;2.272 g;21.00 mg;0.0 g;1.10 g;4.00 mg;122.00 mg;48.90 g
276;Jams and preserves;100 g;278;0.1g;;0;32.00 mg;10.2 mg;11.00 mcg;0.00 mcg;0.036 mg;0.020 mg;0.076 mg;0.016 mg;0.00 IU;0.00 mcg;0.00 mcg;0.00 mcg;0.00 mcg;0.00 mcg;0;0.00 mcg;0.020 mg;8.8 mg;0.00 IU;0.12 mg;0.12 mg;0.0 mcg;20.00 mg;0.100 mg;0.49 mg;4.00 mg;0.040 mg;19.00 mg;77.00 mg;2.0 mcg;0.06 mg;0.37 g;0.037 g;0.032 g;0.166 g;0.006 g;0.109 g;0.029 g;0.014 g;0;0.017 g;0.037 g;0.030 g;0.001 g;0.021 g;0.023 g;0.028 g;0.023 g;0.008 g;0.025 g;0.021 g;68.86 g;1.1 g;48.50 g;0;0;0;0;0;0;0.07 g;0.010 g;0.038 g;0.000 g;0.00 mg;0.0 g;0.23 g;0.00 mg;0.00 mg;30.47 g
326;Vital wheat gluten;100 g;370;1.9g;0.3g;0;29.00 mg;0;0.00 mcg;0.00 mcg;0.000 mg;0.000 mg;0.000 mg;0.000 mg;0.00 IU;0.00 mcg;0.00 mcg;0.00 mcg;0.00 mcg;0.00 mcg;0;0.00 mcg;0.000 mg;0.0 mg;0.00 IU;0.00 mg;0.00 mg;0.0 mcg;142.00 mg;0.182 mg;5.20 mg;25.00 mg;0;260.00 mg;100.00 mg;39.7 mcg;0.85 mg;75.16 g;0;0;0;0;0;0;0;1;0;0;0;0;0;0;0;0;0;0;0;13.79 g;0.6 g;0.00 g;0;0;0;0;0;0;1.85 g;0.272 g;0.156 g;0.810 g;0.00 mg;0.0 g;1.00 g;0.00 mg;0.00 mg;8.20 g
334;Liverwurst spread;100 g;305;25g;9.9g;118mg;700.00 mg;0;30.00 mcg;0.00 mcg;4.300 mg;2.950 mg;1.030 mg;0.272 mg;13636.00 IU;4091.00 mcg;0.00 mcg;0.00 mcg;0.00 mcg;0.00 mcg;0;13.46 mcg;0.190 mg;3.5 mg;0;0;0;0;22.00 mg;0.240 mg;8.85 mg;12.00 mg;0.155 mg;230.00 mg;170.00 mg;58.0 mcg;2.30 mg;12.38 g;0.830 g;0.812 g;1.164 g;0.149 g;2.195 g;1.096 g;0.448 g;0;0.653 g;1.139 g;1.155 g;0.285 g;0.617 g;0.850 g;0.694 g;0.671 g;0.151 g;0.362 g;0.857 g;5.89 g;2.5 g;1.65 g;0;0;0;0;0;0;25.45 g;9.925 g;12.286 g;2.427 g;118.00 mg;0.0 g;2.75 g;0.00 mg;0.00 mg;53.53 g
335;Roast beef spread;100 g;223;16g;6.4g;70mg;724.00 mg;0;8.00 mcg;0.00 mcg;4.200 mg;0;0.230 mg;0.020 mg;1.00 IU;0.00 mcg;0.00 mcg;0.00 mcg;0.00 mcg;0.00 mcg;0;2.38 mcg;0.150 mg;0.2 mg;0;0;0;0;23.00 mg;0.101 mg;2.06 mg;24.00 mg;0;116.00 mg;259.00 mg;22.6 mcg;6.08 mg;15.27 g;0;0;0;0;0;0;0;1;0;0;0;0;0;0;0;0;0;0;0;3.73 g;0.2 g;0.71 g;0;0;0;0;0;0;16.28 g;6.400 g;5.587 g;0.427 g;70.00 mg;0.0 g;3.02 g;0.00 mg;0.00 mg;61.70 g
353;Barley malt flour;100 g;361;1.8g;0.4g;0;11.00 mg;0;38.00 mcg;0.00 mcg;5.636 mg;0.577 mg;0.308 mg;0.309 mg;19.00 IU;1.00 mcg;0.00 mcg;11.00 mcg;0.00 mcg;160.00 mcg;0;0.00 mcg;0.655 mg;0.6 mg;0.00 IU;0.57 mg;0.57 mg;2.2 mcg;37.00 mg;0.270 mg;4.71 mg;97.00 mg;1.193 mg;303.00 mg;224.00 mg;37.7 mcg;2.06 mg;10.28 g;0.516 g;0.836 g;0.776 g;0.157 g;1.825 g;0.440 g;0.275 g;0;0.361 g;0.746 g;0.535 g;0.294 g;0.225 g;1.123 g;0.465 g;0.407 g;0.132 g;0.341 g;0.503 g;78.30 g;7.1 g;0.80 g;0;0;0;0;0;0;1.84 g;0.386 g;0.254 g;0.953 g;0.00 mg;0.0 g;1.37 g;0.00 mg;0.00 mg;8.21 g
415;Tamales (Navajo);100 g;153;6.1g;2.4g;17mg;427.00 mg;0;15.00 mcg;0;1.590 mg;0.205 mg;0.080 mg;0.050 mg;0.00 IU;0.00 mcg;0;0;0;0;0;0.54 mcg;0.143 mg;1.7 mg;0;0.00 mg;0.00 mg;0;29.00 mg;0.063 mg;1.22 mg;22.00 mg;0.174 mg;99.00 mg;131.00 mg;6.0 mcg;1.48 mg;6.28 g;0.422 g;0.391 g;0.556 g;0.083 g;1.029 g;0.384 g;0.196 g;1;0.271 g;0.568 g;0.427 g;0.150 g;0.275 g;0.382 g;0.273 g;0.239 g;0.052 g;0.204 g;0.318 g;18.12 g;3.1 g;0.99 g;0.17 g;0.00 g;0.21 g;0.00 g;0.22 g;0.40 g;6.12 g;2.396 g;2.739 g;0.688 g;17.00 mg;0;1.37 g;0;0;68.10 g
437;Ham salad spread;100 g;216;16g;5g;37mg;1075.00 mg;69.0 mg;1.00 mcg;0.00 mcg;2.095 mg;0.310 mg;0.120 mg;0.435 mg;0.00 IU;0.00 mcg;0.00 mcg;0.00 mcg;0.00 mcg;0.00 mcg;0;0.76 mcg;0.150 mg;0.0 mg;26.00 IU;1.74 mg;1.74 mg;0.0 mcg;8.00 mg;0.070 mg;0.59 mg;10.00 mg;0.013 mg;120.00 mg;150.00 mg;17.8 mcg;1.10 mg;8.68 g;0.536 g;0.593 g;0.856 g;0.051 g;1.349 g;0.486 g;0.350 g;0;0.403 g;0.725 g;0.772 g;0.228 g;0.354 g;0.401 g;0.376 g;0.409 g;0.089 g;0.278 g;0.448 g;10.64 g;0.0 g;0.00 g;0;0;0;0;0;0;15.53 g;5.049 g;7.171 g;2.689 g;37.00 mg;0.0 g;2.55 g;0.00 mg;0.00 mg;62.60 g
453;Potato pancakes;100 g;268;15g;2.5g;95mg;764.00 mg;74.2 mg;41.00 mcg;6.00 mcg;1.672 mg;0.757 mg;0.173 mg;0.158 mg;113.00 IU;32.00 mcg;0.00 mcg;4.00 mcg;2.00 mcg;87.00 mcg;0;0.29 mcg;0.448 mg;27.6 mg;11.00 IU;0.23 mg;0.23 mg;2.7 mcg;32.00 mg;0.180 mg;1.67 mg;36.00 mg;0.260 mg;128.00 mg;622.00 mg;8.9 mcg;0.70 mg;6.08 g;0.267 g;0.342 g;1.011 g;0.105 g;1.007 g;0.198 g;0.141 g;0;0.280 g;0.442 g;0.389 g;0.137 g;0.300 g;0.261 g;0.362 g;0.240 g;0.087 g;0.230 g;0.369 g;27.81 g;3.3 g;1.79 g;0.56 g;0.03 g;0.76 g;0.03 g;0.03 g;0.39 g;14.76 g;2.496 g;3.730 g;7.516 g;95.00 mg;0.0 g;3.59 g;0.00 mg;0.00 mg;47.77 g
454;Spinach souffle;100 g;172;13g;6.1g;118mg;566.00 mg;61.0 mg;73.00 mcg;6.00 mcg;0.479 mg;0.438 mg;0.263 mg;0.082 mg;2891.00 IU;244.00 mcg;3.00 mcg;1493.00 mcg;2.00 mcg;3249.00 mcg;0;0.40 mcg;0.098 mg;7.3 mg;31.00 IU;0.93 mg;0.93 mg;126.5 mcg;165.00 mg;0.059 mg;1.19 mg;30.00 mg;0.269 mg;139.00 mg;231.00 mg;11.1 mcg;0.85 mg;7.89 g;0.323 g;0.366 g;0.627 g;0.095 g;1.556 g;0.216 g;0.229 g;1;0.450 g;0.708 g;0.558 g;0.207 g;0.406 g;0.646 g;0.467 g;0.308 g;0.108 g;0.350 g;0.505 g;5.90 g;0.7 g;1.85 g;0.05 g;0.04 g;0.08 g;1.51 g;0.03 g;0.06 g;12.95 g;6.091 g;3.021 g;0.610 g;118.00 mg;0.0 g;2.52 g;0.00 mg;0.00 mg;70.73 g
470;Arrowroot flour;100 g;357;0.1g;;0;2.00 mg;0;7.00 mcg;0.00 mcg;0.000 mg;0.130 mg;0.000 mg;0.001 mg;0.00 IU;0.00 mcg;0;0;0;0;0;0.00 mcg;0.005 mg;0.0 mg;0.00 IU;0;0;0;40.00 mg;0.040 mg;0.33 mg;3.00 mg;0.470 mg;5.00 mg;11.00 mg;0;0.07 mg;0.30 g;0.014 g;0.012 g;0.047 g;0.006 g;0.050 g;0.014 g;0.004 g;1;0.010 g;0.019 g;0.013 g;0.006 g;0.012 g;0.009 g;0.013 g;0.012 g;0.004 g;0.009 g;0.014 g;88.15 g;3.4 g;0;0;0;0;0;0;0;0.10 g;0.019 g;0.002 g;0.045 g;0.00 mg;0;0.08 g;0;0;11.37 g
475;Vanilla extract;100 g;288;0.1g;;0;9.00 mg;0;0.00 mcg;0.00 mcg;0.425 mg;0.035 mg;0.095 mg;0.011 mg;0.00 IU;0.00 mcg;0.00 mcg;0.00 mcg;0.00 mcg;0.00 mcg;0;0.00 mcg;0.026 mg;0.0 mg;0.00 IU;0.00 mg;0.00 mg;0.0 mcg;11.00 mg;0.072 mg;0.12 mg;12.00 mg;0.230 mg;6.00 mg;148.00 mg;0.0 mcg;0.11 mg;0.06 g;0;0;0;0;0;0;0;0;0;0;0;0;0;0;0;0;0;0;0;12.65 g;0.0 g;12.65 g;0;0;0;0;0;0;0.06 g;0.010 g;0.010 g;0.004 g;0.00 mg;34.4 g;0.26 g;0.00 mg;0.00 mg;52.58 g
511;Dulce de Leche;100 g;315;7.4g;4.5g;29mg;129.00 mg;89.1 mg;11.00 mcg;0.00 mcg;0.210 mg;0.835 mg;0.405 mg;0.016 mg;267.00 IU;74.00 mcg;0.00 mcg;14.00 mcg;0.00 mcg;0.00 mcg;0;0.31 mcg;0.016 mg;2.6 mg;6.00 IU;0.20 mg;0.20 mg;1.3 mcg;251.00 mg;0.004 mg;0.17 mg;22.00 mg;0.002 mg;193.00 mg;350.00 mg;2.7 mcg;0.79 mg;6.84 g;0;0;0;0;0;0;0;1;0;0;0;0;0;0;0;0;0;0;0;55.35 g;0.0 g;49.74 g;0.32 g;1.03 g;1.70 g;4.92 g;0.00 g;41.77 g;7.35 g;4.534 g;2.143 g;0.375 g;29.00 mg;0.0 g;1.74 g;0.00 mg;0.00 mg;28.71 g
515;Chicken spread;100 g;158;18g;3.2g;56mg;722.00 mg;0;3.00 mcg;0.00 mcg;2.748 mg;0.430 mg;0.114 mg;0.009 mg;99.00 IU;30.00 mcg;0.00 mcg;0.00 mcg;0.00 mcg;0.00 mcg;0;0.13 mcg;0.150 mg;0.0 mg;0;0;0;0;16.00 mg;0.040 mg;0.87 mg;12.00 mg;0.012 mg;89.00 mg;106.00 mg;10.8 mcg;1.15 mg;18.01 g;1.037 g;1.117 g;1.580 g;0.237 g;2.586 g;1.166 g;0.517 g;0;0.879 g;1.286 g;1.438 g;0.469 g;0.687 g;0.868 g;0.626 g;0.730 g;0.197 g;0.568 g;0.859 g;4.05 g;0.3 g;0.47 g;0;0;0;0;0;0;17.56 g;3.230 g;4.800 g;2.350 g;56.00 mg;0.0 g;2.97 g;0.00 mg;0.00 mg;57.41 g
535;Candied fruit;100 g;322;0.1g;;0;98.00 mg;2.2 mg;0.00 mcg;0.00 mcg;0.000 mg;0;0.000 mg;0.000 mg;19.00 IU;1.00 mcg;0.00 mcg;9.00 mcg;5.00 mcg;11.00 mcg;0;0.00 mcg;0.000 mg;0.0 mg;0.00 IU;0.04 mg;0.04 mg;0.3 mcg;18.00 mg;0.029 mg;0.17 mg;4.00 mg;0.111 mg;5.00 mg;56.00 mg;0.6 mcg;0.05 mg;0.34 g;0;0;0;0;0;0;0;1;0;0;0;0;0;0;0;0;0;0;0;82.74 g;1.6 g;80.68 g;0;0;0;0;0;0;0.07 g;0.010 g;0.008 g;0.020 g;0.00 mg;0.0 g;0.14 g;0.00 mg;0.00 mg;16.70 g
537;Blood sausage;100 g;379;35g;13g;120mg;680.00 mg;72.8 mg;5.00 mcg;0.00 mcg;1.200 mg;0.600 mg;0.130 mg;0.070 mg;0.00 IU;0.00 mcg;0.00 mcg;0.00 mcg;0.00 mcg;0.00 mcg;0;1.00 mcg;0.040 mg;0.0 mg;52.00 IU;0.13 mg;0.13 mg;0.0 mcg;6.00 mg;0.040 mg;6.40 mg;8.00 mg;0.010 mg;22.00 mg;38.00 mg;15.5 mcg;1.30 mg;14.60 g;1.050 g;0.680 g;1.350 g;0.180 g;2.120 g;0.910 g;0.710 g;1;0.320 g;1.390 g;1.050 g;0.200 g;0.820 g;1.000 g;0.680 g;0.570 g;0.180 g;0.340 g;1.020 g;1.29 g;0.0 g;1.29 g;0;0;0;0;0;1.30 g;34.50 g;13.400 g;15.900 g;3.460 g;120.00 mg;0.0 g;2.31 g;0.00 mg;0.00 mg;47.30 g
542;Meat extender;100 g;311;3g;0.4g;0;10.00 mg;0;198.00 mcg;0.00 mcg;22.021 mg;1.492 mg;0.891 mg;0.702 mg;32.00 IU;2.00 mcg;0;0;0;0;0;6.00 mcg;1.336 mg;0.0 mg;0.00 IU;0;0;0;204.00 mg;0.304 mg;11.99 mg;216.00 mg;0.271 mg;639.00 mg;1902.00 mg;7.4 mcg;2.21 mg;41.71 g;1.755 g;3.123 g;4.745 g;0.627 g;8.668 g;1.688 g;1.068 g;0;1.995 g;3.263 g;2.596 g;0.520 g;2.182 g;2.296 g;2.235 g;1.615 g;0.574 g;1.428 g;2.115 g;34.71 g;17.5 g;0;0;0;0;0;0;0;2.97 g;0.424 g;0.648 g;1.657 g;0.00 mg;0;13.13 g;0;0;7.48 g
544;Sorghum grain;100 g;329;3.5g;0.6g;0;2.00 mg;0;20.00 mcg;0.00 mcg;3.688 mg;0.367 mg;0.096 mg;0.332 mg;0.00 IU;0.00 mcg;0;0;0;0;0;0.00 mcg;0.443 mg;0.0 mg;0.00 IU;0.50 mg;0.50 mg;0;13.00 mg;0.284 mg;3.36 mg;165.00 mg;1.605 mg;289.00 mg;363.00 mg;12.2 mcg;1.67 mg;10.62 g;1.033 g;0.355 g;0.743 g;0.127 g;2.439 g;0.346 g;0.246 g;0;0.433 g;1.491 g;0.229 g;0.169 g;0.546 g;0.852 g;0.462 g;0.346 g;0.124 g;0.321 g;0.561 g;72.09 g;6.7 g;2.53 g;0;0;0;0;0;0;3.46 g;0.610 g;1.131 g;1.558 g;0.00 mg;0;1.43 g;0;0;12.40 g
555;Rice crackers;100 g;416;5g;;0;233.00 mg;33.4 mg;22.00 mcg;0.00 mcg;5.537 mg;1.624 mg;0.101 mg;0.436 mg;0.00 IU;0.00 mcg;0.00 mcg;0.00 mcg;0.00 mcg;0.00 mcg;0;0.00 mcg;0.554 mg;0.0 mg;0.00 IU;1.26 mg;1.26 mg;2.1 mcg;0.00 mg;0.301 mg;0.00 mg;156.00 mg;4.071 mg;362.00 mg;243.00 mg;25.5 mcg;2.20 mg;10.00 g;0;0;0;0;0;0;0;0;0;0;0;0;0;0;0;0;0;0;0;82.64 g;0.0 g;0.00 g;0;0;0;0;0;0;5.00 g;0.000 g;3.021 g;1.641 g;0.00 mg;0.0 g;2.24 g;0.00 mg;0.00 mg;0.11 g
568;Tomato powder;100 g;302;0.4g;0.1g;0;134.00 mg;0;120.00 mcg;0.00 mcg;9.133 mg;3.760 mg;0.761 mg;0.913 mg;17247.00 IU;862.00 mcg;0.00 mcg;10348.00 mcg;0.00 mcg;1370.00 mcg;0;0.00 mcg;0.457 mg;116.7 mg;0.00 IU;12.25 mg;12.25 mg;48.8 mcg;166.00 mg;1.241 mg;4.56 mg;178.00 mg;1.951 mg;295.00 mg;1927.00 mg;5.3 mcg;1.71 mg;12.91 g;0.405 g;0.258 g;1.617 g;0.076 g;5.163 g;0.213 g;0.204 g;0;0.250 g;0.359 g;0.370 g;0.066 g;0.273 g;0.283 g;0.308 g;0.295 g;0.089 g;0.173 g;0.264 g;74.68 g;16.5 g;43.90 g;0;0;0;0;0;0;0.44 g;0.062 g;0.066 g;0.179 g;0.00 mg;0.0 g;8.91 g;0;0;3.06 g
594;Cracker meal;100 g;383;1.7g;0.3g;0;16.00 mg;19.6 mg;136.00 mcg;114.00 mcg;5.707 mg;0.467 mg;0.468 mg;0.696 mg;0.00 IU;0.00 mcg;0.00 mcg;0.00 mcg;0.00 mcg;76.00 mcg;0;0.00 mcg;0.039 mg;0.0 mg;0.00 IU;0.43 mg;0.43 mg;0.3 mcg;23.00 mg;0.225 mg;4.64 mg;24.00 mg;0.944 mg;104.00 mg;115.00 mg;42.3 mcg;0.69 mg;9.30 g;0.282 g;0.321 g;0.373 g;0.208 g;3.241 g;0.316 g;0.196 g;0;0.342 g;0.639 g;0.179 g;0.162 g;0.456 g;1.087 g;0.448 g;0.247 g;0.107 g;0.253 g;0.388 g;80.90 g;2.6 g;0.33 g;0;0;0;0;0;0;1.70 g;0.271 g;0.152 g;0.722 g;0.00 mg;0.0 g;0.60 g;0.00 mg;0.00 mg;7.60 g
600;Millet flour;100 g;382;4.3g;0.5g;0;4.00 mg;0;42.00 mcg;0.00 mcg;6.020 mg;1.267 mg;0.073 mg;0.413 mg;0;0;0;0;0;0;0;0;0.372 mg;0.0 mg;0;0.11 mg;0.11 mg;0.8 mcg;14.00 mg;0.535 mg;3.94 mg;119.00 mg;1.002 mg;285.00 mg;224.00 mg;32.7 mcg;2.63 mg;10.75 g;1.282 g;0.370 g;0.710 g;0.178 g;2.599 g;0.271 g;0.257 g;0;0.473 g;1.537 g;0.144 g;0.319 g;0.675 g;0.911 g;0.782 g;0.354 g;0.170 g;0.326 g;0.584 g;75.12 g;3.5 g;1.66 g;0.00 g;0.00 g;1.26 g;0.00 g;0.11 g;0.30 g;4.25 g;0.536 g;0.924 g;2.618 g;0;0;1.21 g;0;0;8.67 g
602;Potato flour;100 g;357;0.3g;0.1g;0;55.00 mg;39.5 mg;25.00 mcg;0.00 mcg;3.507 mg;0.474 mg;0.051 mg;0.228 mg;0.00 IU;0.00 mcg;0.00 mcg;0.00 mcg;0.00 mcg;0.00 mcg;0;0.00 mcg;0.769 mg;3.8 mg;0.00 IU;0.25 mg;0.25 mg;0.0 mcg;65.00 mg;0.197 mg;1.38 mg;65.00 mg;0.313 mg;168.00 mg;1001.00 mg;1.1 mcg;0.54 mg;6.90 g;0.328 g;0.374 g;1.173 g;0.070 g;0.932 g;0.256 g;0.166 g;1;0.299 g;0.425 g;0.413 g;0.107 g;0.316 g;0.265 g;0.234 g;0.280 g;0.115 g;0.224 g;0.356 g;83.10 g;5.9 g;3.52 g;0;0;0;0;0;0;0.34 g;0.090 g;0.008 g;0.150 g;0.00 mg;0.0 g;3.14 g;0.00 mg;0.00 mg;6.52 g
608;Phyllo dough;100 g;299;6g;1.5g;0;483.00 mg;6.9 mg;88.00 mcg;70.00 mcg;4.073 mg;0.302 mg;0.341 mg;0.541 mg;0.00 IU;0.00 mcg;0.00 mcg;0.00 mcg;0.00 mcg;11.00 mcg;0;0.00 mcg;0.030 mg;0.0 mg;0.00 IU;0.08 mg;0.08 mg;2.5 mcg;11.00 mg;0.101 mg;3.21 mg;15.00 mg;0.476 mg;75.00 mg;74.00 mg;23.3 mcg;0.49 mg;7.10 g;0.229 g;0.288 g;0.300 g;0.151 g;2.400 g;0.256 g;0.159 g;0;0.246 g;0.490 g;0.158 g;0.126 g;0.359 g;0.826 g;0.356 g;0.194 g;0.088 g;0.215 g;0.286 g;52.60 g;1.9 g;0.18 g;0;0;0;0;0;0;6.00 g;1.470 g;3.149 g;0.923 g;0.00 mg;0.0 g;1.60 g;0.00 mg;0.00 mg;32.60 g
615;Fruit syrup;100 g;341;0g;;0;0.00 mg;0.2 mg;0.00 mcg;0.00 mcg;0.012 mg;0.010 mg;0.012 mg;0.033 mg;2.00 IU;0.00 mcg;0.00 mcg;1.00 mcg;0.00 mcg;1.00 mcg;0;0.00 mcg;0.001 mg;1.6 mg;0.00 IU;0.01 mg;0.01 mg;0.1 mcg;8.00 mg;0.018 mg;0.04 mg;1.00 mg;0.061 mg;0.00 mg;7.00 mg;0.8 mcg;0.26 mg;0.00 g;0.000 g;0.000 g;0.002 g;0.000 g;0.002 g;0.000 g;0.000 g;1;0.000 g;0.001 g;0.000 g;0.000 g;0.000 g;0.000 g;0.000 g;0.000 g;0.000 g;0.000 g;0.000 g;85.13 g;0.1 g;53.00 g;0;0;0;0;0;0;0.00 g;0.000 g;0.000 g;0.000 g;0.00 mg;0.0 g;0.13 g;0.00 mg;0.00 mg;14.74 g
617;Carob flour;100 g;222;0.7g;0.1g;0;35.00 mg;11.9 mg;29.00 mcg;0.00 mcg;1.897 mg;0.047 mg;0.461 mg;0.053 mg;14.00 IU;1.00 mcg;0.00 mcg;8.00 mcg;0.00 mcg;0.00 mcg;0;0.00 mcg;0.366 mg;0.2 mg;0.00 IU;0.63 mg;0.63 mg;0.0 mcg;348.00 mg;0.571 mg;2.94 mg;54.00 mg;0.508 mg;79.00 mg;827.00 mg;5.3 mcg;0.92 mg;4.62 g;0.584 g;0.130 g;0.503 g;0.029 g;0.362 g;0.267 g;0.122 g;1;0.209 g;0.442 g;0.196 g;0.081 g;0.151 g;0.354 g;0.304 g;0.271 g;0.048 g;0.120 g;0.446 g;88.88 g;39.8 g;49.08 g;0;0;0;0;0;0;0.65 g;0.090 g;0.197 g;0.216 g;0.00 mg;0.0 g;2.27 g;0.00 mg;0.00 mg;3.58 g
618;Prune puree;100 g;257;0.2g;;0;23.00 mg;0;0;0;2.500 mg;0.430 mg;0;0.040 mg;2000.00 IU;100.00 mcg;0;0;0;0;0;0;0;4.3 mg;0;0;0;0;31.00 mg;0;2.80 mg;0;0;72.00 mg;852.00 mg;0;0;2.10 g;0;0;0;0;0;0;0;1;0;0;0;0;0;0;0;0;0;0;0;65.10 g;3.3 g;39.00 g;13.87 g;0;22.27 g;0;0;0;0.20 g;0.016 g;0;0;0.00 mg;0;2.60 g;0;0;30.00 g
620;Chewing gum;100 g;360;0.3g;;0;1.00 mg;0.0 mg;0.00 mcg;0.00 mcg;0.000 mg;0.000 mg;0.000 mg;0.000 mg;0.00 IU;0.00 mcg;0.00 mcg;0.00 mcg;0.00 mcg;0.00 mcg;0;0.00 mcg;0.000 mg;0.0 mg;0.00 IU;0.00 mg;0.00 mg;0.0 mcg;0.00 mg;0.000 mg;0.00 mg;0.00 mg;0.000 mg;0.00 mg;2.00 mg;0.6 mcg;0.00 mg;0.00 g;0;0;0;0;0;0;0;0;0;0;0;0;0;0;0;0;0;0;0;96.70 g;2.4 g;66.08 g;0;0;0;0;0;0;0.30 g;0.042 g;0.079 g;0.137 g;0.00 mg;0.0 g;0.40 g;0.00 mg;0.00 mg;2.60 g
627;Tofu yogurt;100 g;94;1.8g;0.3g;0;35.00 mg;48.4 mg;6.00 mcg;0.00 mcg;0.240 mg;0;0.020 mg;0.060 mg;33.00 IU;2.00 mcg;0.00 mcg;20.00 mcg;0.00 mcg;0.00 mcg;0;0.00 mcg;0.020 mg;2.5 mg;0.00 IU;0.31 mg;0.31 mg;3.5 mcg;118.00 mg;0.075 mg;1.06 mg;40.00 mg;0;38.00 mg;47.00 mg;13.0 mcg;0.31 mg;3.50 g;0;0;0;0;0;0;0;0;0;0;0;0;0;0;0;0;0;0;0;15.96 g;0.2 g;1.24 g;0;0;0;0;0;0;1.80 g;0.259 g;0.400 g;1.017 g;0.00 mg;0.0 g;1.24 g;0.00 mg;0.00 mg;77.50 g
640;Clif Z bar;100 g;409;9.7g;2.7g;0;375.00 mg;22.5 mg;20.00 mcg;0.00 mcg;0.478 mg;0.588 mg;0.100 mg;0.411 mg;7.00 IU;0.00 mcg;0.00 mcg;4.00 mcg;0.00 mcg;61.00 mcg;0;0.00 mcg;0.073 mg;39.1 mg;0.00 IU;0.98 mg;0.98 mg;8.7 mcg;444.00 mg;0.187 mg;2.70 mg;82.00 mg;1.748 mg;244.00 mg;333.00 mg;14.8 mcg;1.15 mg;5.55 g;0.278 g;0.420 g;0.515 g;0.179 g;1.198 g;0.305 g;0.131 g;0;0.216 g;0.432 g;0.242 g;0.107 g;0.287 g;0.311 g;0.282 g;0.164 g;0.105 g;0.208 g;0.307 g;74.72 g;8.3 g;30.56 g;0;0;0;0;0;0;9.72 g;2.721 g;2.447 g;3.319 g;0.00 mg;0.0 g;2.26 g;1.00 mg;9.00 mg;7.74 g
641;Fish broth;100 g;16;0.6g;0.1g;0;318.00 mg;9.2 mg;4.00 mcg;0.00 mcg;1.370 mg;0;0.030 mg;0.000 mg;4.00 IU;1.00 mcg;0.00 mcg;0.00 mcg;0.00 mcg;0.00 mcg;0;0.10 mcg;0.010 mg;0.0 mg;0.00 IU;0.15 mg;0.15 mg;0.2 mcg;30.00 mg;0.051 mg;0.21 mg;1.00 mg;0;30.00 mg;86.00 mg;0.7 mcg;0.10 mg;2.00 g;0;0;0;0;0;0;0;1;0;0;0;0;0;0;0;0;0;0;0;0.40 g;0.0 g;0.09 g;0;0;0;0;0;0;0.60 g;0.133 g;0.108 g;0.245 g;0.00 mg;0.0 g;0.97 g;0.00 mg;0.00 mg;96.00 g
652;Buckwheat;100 g;343;3.4g;0.7g;0;1.00 mg;0;30.00 mcg;0.00 mcg;7.020 mg;1.233 mg;0.425 mg;0.101 mg;0.00 IU;0.00 mcg;0;0;0;0;0;0.00 mcg;0.210 mg;0.0 mg;0.00 IU;0;0;0;18.00 mg;1.100 mg;2.20 mg;231.00 mg;1.300 mg;347.00 mg;460.00 mg;8.3 mcg;2.40 mg;13.25 g;0.748 g;0.982 g;1.133 g;0.229 g;2.046 g;1.031 g;0.309 g;1;0.498 g;0.832 g;0.672 g;0.172 g;0.520 g;0.507 g;0.685 g;0.506 g;0.192 g;0.241 g;0.678 g;71.50 g;10.0 g;0;0;0;0;0;0;0;3.40 g;0.741 g;1.040 g;1.039 g;0.00 mg;0.0 g;2.10 g;0;0;9.75 g
655;Triticale;100 g;336;2.1g;0.4g;0;5.00 mg;0;73.00 mcg;0.00 mcg;1.430 mg;1.323 mg;0.134 mg;0.416 mg;0.00 IU;0.00 mcg;0;0;0;0;0;0.00 mcg;0.138 mg;0.0 mg;0.00 IU;0.90 mg;0.90 mg;0;37.00 mg;0.457 mg;2.57 mg;130.00 mg;3.210 mg;358.00 mg;332.00 mg;0;3.45 mg;13.05 g;0.486 g;0.671 g;0.785 g;0.275 g;4.006 g;0.559 g;0.311 g;1;0.479 g;0.911 g;0.365 g;0.204 g;0.638 g;1.184 g;0.593 g;0.405 g;0.157 g;0.383 g;0.609 g;72.13 g;0;0;0;0;0;0;0;0;2.09 g;0.366 g;0.211 g;0.913 g;0.00 mg;0;2.23 g;0;0;10.51 g
656;Rye grain;100 g;338;1.6g;0.2g;0;2.00 mg;30.4 mg;38.00 mcg;0.00 mcg;4.270 mg;1.456 mg;0.251 mg;0.316 mg;11.00 IU;1.00 mcg;0.00 mcg;7.00 mcg;0.00 mcg;210.00 mcg;0;0.00 mcg;0.294 mg;0.0 mg;0.00 IU;0.85 mg;0.85 mg;5.9 mcg;24.00 mg;0.367 mg;2.63 mg;110.00 mg;2.577 mg;332.00 mg;510.00 mg;13.9 mcg;2.65 mg;10.34 g;0.405 g;0.454 g;0.560 g;0;2.294 g;0.416 g;0.189 g;0;0.208 g;0.563 g;0.286 g;0.153 g;0.435 g;0.804 g;0.458 g;0.289 g;0.108 g;0.200 g;0.317 g;75.86 g;15.1 g;0.98 g;0.11 g;0.00 g;0.16 g;0.00 g;0.00 g;0.71 g;1.63 g;0.197 g;0.208 g;0.767 g;0.00 mg;0.0 g;1.57 g;0.00 mg;0.00 mg;10.60 g
663;Molasses;100 g;290;0.1g;;0;37.00 mg;13.3 mg;0.00 mcg;0.00 mcg;0.930 mg;0.804 mg;0.002 mg;0.041 mg;0.00 IU;0.00 mcg;0.00 mcg;0.00 mcg;0.00 mcg;0.00 mcg;0;0.00 mcg;0.670 mg;0.0 mg;0.00 IU;0.00 mg;0.00 mg;0.0 mcg;205.00 mg;0.487 mg;4.72 mg;242.00 mg;1.530 mg;31.00 mg;1464.00 mg;17.8 mcg;0.29 mg;0.00 g;0;0;0;0;0;0;0;1;0;0;0;0;0;0;0;0;0;0;0;74.73 g;0.0 g;74.72 g;12.79 g;0;11.92 g;0;0;29.40 g;0.10 g;0.018 g;0.032 g;0.050 g;0.00 mg;0.0 g;3.30 g;0.00 mg;0.00 mg;21.87 g
664;Zwieback;100 g;426;9.7g;2.5g;8mg;227.00 mg;10.7 mg;87.00 mcg;67.00 mcg;1.319 mg;0.537 mg;0.239 mg;0.208 mg;58.00 IU;16.00 mcg;0.00 mcg;4.00 mcg;1.00 mcg;16.00 mcg;0;0.00 mcg;0.082 mg;5.3 mg;0.00 IU;2.44 mg;2.44 mg;0.9 mcg;20.00 mg;0.145 mg;0.60 mg;14.00 mg;0;55.00 mg;305.00 mg;28.7 mcg;0.54 mg;10.10 g;0;0;0;0;0;0;0;1;0;0;0;0;0;0;0;0;0;0;0;74.20 g;2.5 g;12.50 g;0;0;0;0;0;0;9.70 g;2.525 g;4.244 g;2.073 g;8.00 mg;0.0 g;1.50 g;0.00 mg;0.00 mg;4.50 g
667;Jellies;100 g;266;0g;;0;30.00 mg;10.3 mg;2.00 mcg;0.00 mcg;0.036 mg;0.197 mg;0.026 mg;0.001 mg;5.00 IU;0.00 mcg;0.00 mcg;3.00 mcg;0.00 mcg;22.00 mcg;0;0.00 mcg;0.020 mg;0.9 mg;0.00 IU;0.00 mg;0.00 mg;0.3 mcg;7.00 mg;0.011 mg;0.19 mg;6.00 mg;0.132 mg;6.00 mg;54.00 mg;0.4 mcg;0.03 mg;0.15 g;0;0;0;0;0;0;0;1;0;0;0;0;0;0;0;0;0;0;0;69.95 g;1.0 g;51.22 g;0;0;0;0;0;0;0.02 g;0.005 g;0.001 g;0.004 g;0.00 mg;0.0 g;0.12 g;0.00 mg;0.00 mg;29.77 g
668;Eggnog;100 g;88;4.2g;2.6g;59mg;54.00 mg;52.2 mg;1.00 mcg;0.00 mcg;0.105 mg;0.417 mg;0.190 mg;0.034 mg;206.00 IU;59.00 mcg;0.00 mcg;7.00 mcg;0.00 mcg;54.00 mcg;0;0.45 mcg;0.050 mg;1.5 mg;49.00 IU;0.21 mg;0.21 mg;0.3 mcg;130.00 mg;0.013 mg;0.20 mg;19.00 mg;0.005 mg;109.00 mg;165.00 mg;4.2 mcg;0.46 mg;4.55 g;0.199 g;0.191 g;0.400 g;0.057 g;0.775 g;0.128 g;0.108 g;1;0.237 g;0.383 g;0.257 g;0.120 g;0.225 g;0.349 g;0.241 g;0.201 g;0.085 g;0.199 g;0.289 g;8.05 g;0.0 g;8.05 g;0.04 g;0.04 g;0.07 g;7.84 g;0.04 g;0.04 g;4.19 g;2.591 g;1.302 g;0.198 g;59.00 mg;0.0 g;0.67 g;0.00 mg;0.00 mg;82.54 g
669;Catsup;100 g;101;0.1g;;0;907.00 mg;12.5 mg;9.00 mcg;0.00 mcg;1.434 mg;0.047 mg;0.166 mg;0.011 mg;527.00 IU;26.00 mcg;0.00 mcg;316.00 mcg;0.00 mcg;161.00 mcg;0;0.00 mcg;0.158 mg;4.1 mg;0.00 IU;1.46 mg;1.46 mg;3.0 mcg;15.00 mg;0.085 mg;0.35 mg;13.00 mg;0.084 mg;26.00 mg;281.00 mg;0.7 mcg;0.17 mg;1.04 g;0.033 g;0.016 g;0.133 g;0.005 g;0.349 g;0.016 g;0.013 g;1;0.014 g;0.021 g;0.023 g;0.005 g;0.021 g;0.012 g;0.021 g;0.019 g;0.005 g;0.009 g;0.014 g;27.40 g;0.3 g;21.27 g;8.72 g;0.00 g;10.25 g;0.00 g;0.00 g;2.30 g;0.10 g;0.014 g;0.015 g;0.041 g;0.00 mg;0.0 g;2.94 g;0.00 mg;0.00 mg;68.51 g
670;Tempeh;100 g;192;11g;2.5g;0;9.00 mg;0;24.00 mcg;0.00 mcg;2.640 mg;0.278 mg;0.358 mg;0.078 mg;0.00 IU;0.00 mcg;0;0;0;0;0;0.08 mcg;0.215 mg;0.0 mg;0.00 IU;0;0;0;111.00 mg;0.560 mg;2.70 mg;81.00 mg;1.300 mg;266.00 mg;412.00 mg;0.0 mcg;1.14 mg;20.29 g;0.960 g;1.252 g;1.995 g;0.193 g;3.292 g;0.754 g;0.466 g;0;0.880 g;1.430 g;0.908 g;0.175 g;0.893 g;1.030 g;1.019 g;0.796 g;0.194 g;0.664 g;0.920 g;7.64 g;0;0;0;0;0;0;0;0;10.80 g;2.539 g;3.205 g;4.300 g;0.00 mg;0;1.62 g;0;0;59.65 g
671;Wasabi;100 g;292;11g;2g;0;3390.00 mg;2.3 mg;10.00 mcg;0.00 mcg;0.160 mg;0.000 mg;0.070 mg;0.050 mg;1.00 IU;0.00 mcg;0.00 mcg;0.00 mcg;0.00 mcg;3.00 mcg;0;0.00 mcg;0.050 mg;0.0 mg;0.00 IU;3.44 mg;3.44 mg;3.1 mcg;41.00 mg;0.055 mg;0.50 mg;21.00 mg;0.137 mg;26.00 mg;182.00 mg;2.2 mcg;0.61 mg;2.23 g;0;0;0;0;0;0;0;0;0;0;0;0;0;0;0;0;0;0;0;46.13 g;6.1 g;13.20 g;2.30 g;0.00 g;2.50 g;0.00 g;0.00 g;8.40 g;10.90 g;2.031 g;4.410 g;3.627 g;0.00 mg;0.0 g;9.04 g;0.00 mg;0.00 mg;31.70 g
672;Honey;100 g;304;0g;;0;4.00 mg;2.2 mg;2.00 mcg;0.00 mcg;0.121 mg;0.068 mg;0.038 mg;0.000 mg;0.00 IU;0.00 mcg;0.00 mcg;0.00 mcg;0.00 mcg;0.00 mcg;0;0.00 mcg;0.024 mg;0.5 mg;0.00 IU;0.00 mg;0.00 mg;0.0 mcg;6.00 mg;0.036 mg;0.42 mg;2.00 mg;0.080 mg;4.00 mg;52.00 mg;0.8 mcg;0.22 mg;0.30 g;0.006 g;0.005 g;0.027 g;0.003 g;0.018 g;0.007 g;0.001 g;0;0.008 g;0.010 g;0.008 g;0.001 g;0.011 g;0.090 g;0.006 g;0.004 g;0.004 g;0.008 g;0.009 g;82.40 g;0.2 g;82.12 g;40.94 g;3.10 g;35.75 g;0;1.44 g;0.89 g;0.00 g;0.000 g;0.000 g;0.000 g;0.00 mg;0.0 g;0.20 g;0.00 mg;0.00 mg;17.10 g
673;Natto;100 g;211;11g;1.6g;0;7.00 mg;57.0 mg;8.00 mcg;0.00 mcg;0.000 mg;0.215 mg;0.190 mg;0.160 mg;0.00 IU;0.00 mcg;0.00 mcg;0.00 mcg;0.00 mcg;0.00 mcg;0;0.00 mcg;0.130 mg;13.0 mg;0.00 IU;0.01 mg;0.01 mg;23.1 mcg;217.00 mg;0.667 mg;8.60 mg;115.00 mg;1.528 mg;174.00 mg;729.00 mg;8.8 mcg;3.03 mg;19.40 g;0.798 g;0.909 g;1.956 g;0.220 g;3.337 g;0.646 g;0.512 g;0;0.931 g;1.509 g;1.145 g;0.208 g;0.941 g;1.403 g;1.121 g;0.813 g;0.223 g;0.556 g;1.018 g;12.68 g;5.4 g;4.89 g;0;0;0;0;0;0;11.00 g;1.591 g;2.430 g;6.210 g;0.00 mg;0.0 g;1.90 g;0.00 mg;0.00 mg;55.02 g
674;Okara;100 g;76;1.7g;0.2g;0;9.00 mg;0;26.00 mcg;0.00 mcg;0.100 mg;0.088 mg;0.020 mg;0.020 mg;0.00 IU;0.00 mcg;0;0;0;0;0;0.00 mcg;0.115 mg;0.0 mg;0.00 IU;0;0;0;80.00 mg;0.200 mg;1.30 mg;26.00 mg;0.404 mg;60.00 mg;213.00 mg;10.6 mcg;0.56 mg;3.52 g;0.132 g;0.214 g;0.355 g;0.044 g;0.556 g;0.126 g;0.093 g;1;0.159 g;0.244 g;0.212 g;0.041 g;0.157 g;0.173 g;0.151 g;0.131 g;0.050 g;0.108 g;0.162 g;12.23 g;0;0;0;0;0;0;0;0;1.73 g;0.193 g;0.295 g;0.755 g;0.00 mg;0;0.88 g;0;0;81.64 g
675;Papad;100 g;371;3.3g;1.1g;4mg;1745.00 mg;0.4 mg;219.00 mcg;0.00 mcg;1.472 mg;0.917 mg;0.258 mg;0.277 mg;50.00 IU;13.00 mcg;0.00 mcg;4.00 mcg;0.00 mcg;1.00 mcg;0;0.00 mcg;0.285 mg;0.0 mg;0.00 IU;0.05 mg;0.05 mg;0.4 mcg;143.00 mg;0.998 mg;7.80 mg;271.00 mg;1.562 mg;385.00 mg;1000.00 mg;8.3 mcg;3.40 mg;25.56 g;1.090 g;1.662 g;2.985 g;0.237 g;4.178 g;1.066 g;0.715 g;0;1.303 g;2.115 g;1.695 g;0.372 g;1.491 g;1.181 g;1.344 g;0.886 g;0.266 g;0.793 g;1.434 g;59.87 g;18.6 g;0.00 g;0;0;0;0;0;0;3.25 g;1.084 g;0.532 g;1.148 g;4.00 mg;0.0 g;7.82 g;0.00 mg;0.00 mg;3.49 g
676;Lard;100 g;902;100g;39g;95mg;0.00 mg;49.7 mg;0.00 mcg;0.00 mcg;0.000 mg;0.000 mg;0.000 mg;0.000 mg;0.00 IU;0.00 mcg;0.00 mcg;0.00 mcg;0.00 mcg;0.00 mcg;0;0.00 mcg;0.000 mg;0.0 mg;102.00 IU;0.60 mg;0.60 mg;0.0 mcg;0.00 mg;0.000 mg;0.00 mg;0.00 mg;0.000 mg;0.00 mg;0.00 mg;0.2 mcg;0.11 mg;0.00 g;0.000 g;0.000 g;0.000 g;0.000 g;0.000 g;0.000 g;0.000 g;1;0.000 g;0.000 g;0.000 g;0.000 g;0.000 g;0.000 g;0.000 g;0.000 g;0.000 g;0.000 g;0.000 g;0.00 g;0.0 g;0.00 g;0;0;0;0;0;0;100.00 g;39.200 g;45.100 g;11.200 g;95.00 mg;0.0 g;0.00 g;0.00 mg;0.00 mg;0.00 g
677;Oats;100 g;389;6.9g;1.2g;0;2.00 mg;0;56.00 mcg;0.00 mcg;0.961 mg;1.349 mg;0.139 mg;0.763 mg;0.00 IU;0.00 mcg;0;0;0;0;0;0.00 mcg;0.119 mg;0.0 mg;0.00 IU;0;0;0;54.00 mg;0.626 mg;4.72 mg;177.00 mg;4.916 mg;523.00 mg;429.00 mg;0;3.97 mg;16.89 g;0.881 g;1.192 g;1.448 g;0.408 g;3.712 g;0.841 g;0.405 g;1;0.694 g;1.284 g;0.701 g;0.312 g;0.895 g;0.934 g;0.750 g;0.575 g;0.234 g;0.573 g;0.937 g;66.27 g;10.6 g;0;0;0;0;0;0;0;6.90 g;1.217 g;2.178 g;2.535 g;0.00 mg;0.0 g;1.72 g;0;0;8.22 g
678;Miso;100 g;198;6g;1g;0;3728.00 mg;72.2 mg;19.00 mcg;0.00 mcg;0.906 mg;0.337 mg;0.233 mg;0.098 mg;87.00 IU;4.00 mcg;0.00 mcg;52.00 mcg;0.00 mcg;0.00 mcg;0;0.08 mcg;0.199 mg;0.0 mg;0.00 IU;0.01 mg;0.01 mg;29.3 mcg;57.00 mg;0.420 mg;2.49 mg;48.00 mg;0.859 mg;159.00 mg;210.00 mg;7.0 mcg;2.56 mg;12.79 g;0.500 g;0.784 g;1.171 g;0.000 g;1.915 g;0.447 g;0.243 g;1;0.508 g;0.820 g;0.478 g;0.129 g;0.486 g;0.619 g;0.601 g;0.479 g;0.155 g;0.352 g;0.547 g;25.37 g;5.4 g;6.20 g;6.00 g;0.00 g;0.00 g;0.00 g;0.20 g;0.00 g;6.01 g;1.025 g;1.118 g;2.884 g;0.00 mg;0.0 g;12.81 g;0.00 mg;0.00 mg;43.02 g
679;Poi;100 g;112;0.1g;;0;12.00 mg;16.7 mg;21.00 mcg;0.00 mcg;1.100 mg;0.293 mg;0.040 mg;0.130 mg;66.00 IU;3.00 mcg;0.00 mcg;31.00 mcg;17.00 mcg;0.00 mcg;0;0.00 mcg;0.273 mg;4.0 mg;0.00 IU;2.30 mg;2.30 mg;1.0 mcg;16.00 mg;0.166 mg;0.88 mg;24.00 mg;0.370 mg;39.00 mg;183.00 mg;0.7 mcg;0.22 mg;0.38 g;0;0;0;0;0;0;0;1;0;0;0;0;0;0;0;0;0;0;0;27.23 g;0.4 g;0.39 g;0;0;0;0;0;0;0.14 g;0.029 g;0.011 g;0.058 g;0.00 mg;0.0 g;0.61 g;0.00 mg;0.00 mg;71.64 g
697;Poultry salad sandwich spread;100 g;200;14g;3.5g;30mg;653.00 mg;49.6 mg;5.00 mcg;0.00 mcg;1.669 mg;0.270 mg;0.071 mg;0.024 mg;140.00 IU;42.00 mcg;0.00 mcg;0.00 mcg;0.00 mcg;0.00 mcg;0;0.38 mcg;0.110 mg;1.0 mg;8.00 IU;2.20 mg;2.20 mg;0.0 mcg;10.00 mg;0.030 mg;0.61 mg;10.00 mg;0.009 mg;33.00 mg;183.00 mg;10.9 mcg;1.04 mg;11.64 g;0.713 g;0.779 g;1.085 g;0.141 g;1.789 g;0.722 g;0.347 g;0;0.584 g;0.880 g;1.010 g;0.320 g;0.455 g;0.551 g;0.466 g;0.497 g;0.130 g;0.412 g;0.589 g;7.41 g;0.0 g;0.00 g;0;0;0;0;0;0;13.52 g;3.450 g;3.250 g;6.220 g;30.00 mg;0.0 g;1.26 g;0.00 mg;0.00 mg;66.17 g
706;HOUSE FOODS Premium Firm Tofu;100 g;85;4.2g;0.7g;0;33.00 mg;0;0;0;0;0;0;0;0.00 IU;0;0;0;0;0;0;0;0;1.1 mg;0;0;0;0;149.00 mg;0;1.69 mg;0;0;0;0;0;0;10.92 g;0;0;0;0;0;0;0;0;0;0;0;0;0;0;0;0;0;0;0;0.97 g;0.9 g;0.40 g;0;0;0;0;0;0;4.19 g;0.710 g;0.970 g;2.510 g;0.00 mg;0;1.05 g;0;0;82.87 g
762;Pulled pork in barbecue sauce;100 g;168;4.4g;1.4g;35mg;666.00 mg;44.5 mg;2.00 mcg;0.00 mcg;3.032 mg;0.814 mg;0.128 mg;0.166 mg;264.00 IU;13.00 mcg;46.00 mcg;126.00 mcg;19.00 mcg;90.00 mcg;0;0.41 mcg;0.248 mg;0.2 mg;8.00 IU;0.89 mg;0.89 mg;1.4 mcg;44.00 mg;0.097 mg;1.24 mg;22.00 mg;0.090 mg;161.00 mg;305.00 mg;27.6 mcg;1.85 mg;13.19 g;0;0;0;0;0;0;0;1;0;0;0;0;0;0;0;0;0;0;0;18.74 g;1.2 g;15.20 g;5.46 g;0.00 g;6.36 g;0.00 g;0.00 g;3.38 g;4.42 g;1.416 g;1.813 g;0.757 g;35.00 mg;0.0 g;2.65 g;0.00 mg;0.00 mg;60.99 g
799;Orange Pineapple Juice Blend;100 g;51;0.1g;;0;4.00 mg;3.8 mg;10.00 mcg;0.00 mcg;0.173 mg;0;0.025 mg;0.040 mg;17.00 IU;1.00 mcg;3.00 mcg;5.00 mcg;9.00 mcg;14.00 mcg;0;0.00 mcg;0.061 mg;40.7 mg;0.00 IU;0.07 mg;0.07 mg;0.1 mcg;8.00 mg;0.034 mg;0.18 mg;10.00 mg;0.378 mg;11.00 mg;150.00 mg;0.1 mcg;0.06 mg;0.41 g;0;0;0;0;0;0;0;0;0;0;0;0;0;0;0;0;0;0;0;12.20 g;0.2 g;10.57 g;0;0;0;0;0;0;0.08 g;0.011 g;0.009 g;0.024 g;0.00 mg;0.0 g;0.35 g;0.00 mg;0.00 mg;87.24 g
862;HEALTHY REQUEST Tomato juice;100 g;21;0g;;0;198.00 mg;0;0;0;0;0;0;0;2058.00 IU;0;0;0;0;0;0;0;0;29.6 mg;0;5.56 mg;5.56 mg;0;8.00 mg;0;0.00 mg;0;0;0;206.00 mg;0;0;0.82 g;0;0;0;0;0;0;0;0;0;0;0;0;0;0;0;0;0;0;0;4.53 g;0.8 g;3.70 g;0;0;0;0;0;0;0.00 g;0.000 g;0.000 g;0.000 g;0.00 mg;0;0.95 g;0;0;93.70 g
886;SILK Black Cherry soy yogurt;100 g;88;1.2g;;0;12.00 mg;0;0;0;0;0;0;0;0.00 IU;0;0;0;0;0;0;0;0;17.6 mg;0;0;0;0;176.00 mg;0;0.64 mg;0;0;0;0;0;0;2.35 g;0;0;0;0;0;0;0;1;0;0;0;0;0;0;0;0;0;0;0;17.06 g;0.6 g;11.76 g;0;0;0;0;0;0;1.18 g;0.000 g;0;0;0.00 mg;0;1.24 g;0;0;78.18 g
938;SILK French Vanilla Creamer;100 g;133;6.7g;;0;67.00 mg;0;0;0;0;0;0;0;0.00 IU;0;0;0;0;0;0;0;0;0.0 mg;0;0;0;0;0.00 mg;0;0.00 mg;0;0;0;0;0;0;0.00 g;0;0;0;0;0;0;0;1;0;0;0;0;0;0;0;0;0;0;0;20.00 g;0.0 g;20.00 g;0;0;0;0;0;0;6.67 g;0.000 g;0;0;0.00 mg;0;0.38 g;0;0;72.95 g
947;HORMEL Canadian Style Bacon;100 g;122;4.9g;1.8g;49mg;1016.00 mg;0;0;0;0;0;0;0;0.00 IU;0;0;0;0;0;0;0;0;1.4 mg;0;0;0;0;6.00 mg;0.100 mg;0.90 mg;19.00 mg;0;0;279.00 mg;0;1.80 mg;16.88 g;0;0;0;0;0;0;0;1;0;0;0;0;0;0;0;0;0;0;0;1.87 g;0;1.43 g;0;0;0;0;0;0;4.94 g;1.830 g;2.490 g;0.620 g;49.00 mg;0;3.36 g;0;0;72.95 g
952;Ham and cheese loaf or roll;100 g;241;19g;7g;58mg;1000.00 mg;66.3 mg;3.00 mcg;0.00 mcg;3.452 mg;0.520 mg;0.187 mg;0.601 mg;0.00 IU;0.00 mcg;0.00 mcg;0.00 mcg;0.00 mcg;0.00 mcg;0;0.81 mcg;0.260 mg;0.0 mg;44.00 IU;0.27 mg;0.27 mg;0.0 mcg;58.00 mg;0.080 mg;0.91 mg;16.00 mg;0;253.00 mg;294.00 mg;34.6 mcg;2.00 mg;13.60 g;0.911 g;1.119 g;1.552 g;0.235 g;2.626 g;0.748 g;0.677 g;1;0.754 g;1.353 g;1.508 g;0.439 g;0.691 g;0.787 g;0.672 g;0.719 g;0.207 g;0.560 g;0.802 g;4.00 g;0.0 g;0.00 g;0;0;0;0;0;0;18.70 g;6.966 g;8.590 g;2.022 g;58.00 mg;0.0 g;3.40 g;0.00 mg;0.00 mg;60.30 g
1056;SILK Strawberry soy yogurt;100 g;94;1.2g;;0;15.00 mg;0;0;0;0;0;0;0;0.00 IU;0;0;0;0;0;0;0;0;17.6 mg;0;0;0;0;176.00 mg;0;0.64 mg;0;0;0;0;0;0;2.35 g;0;0;0;0;0;0;0;1;0;0;0;0;0;0;0;0;0;0;0;18.24 g;0.6 g;12.94 g;0;0;0;0;0;0;1.18 g;0.000 g;0;0;0.00 mg;0;1.24 g;0;0;77.00 g
1062;Ice cream cookie sandwich;100 g;240;7.4g;1.7g;6mg;162.00 mg;8.0 mg;5.00 mcg;0.00 mcg;0.237 mg;0.115 mg;0.030 mg;0.030 mg;122.00 IU;37.00 mcg;0.00 mcg;0.00 mcg;0.00 mcg;6.00 mcg;0;0.01 mcg;0.028 mg;0.0 mg;0.00 IU;0.40 mg;0.40 mg;1.3 mcg;73.00 mg;0.106 mg;1.10 mg;16.00 mg;0.225 mg;54.00 mg;68.00 mg;3.1 mcg;0.32 mg;3.70 g;0;0;0;0;0;0;0;0;0;0;0;0;0;0;0;0;0;0;0;39.60 g;1.2 g;21.30 g;0;0;0;0;0;0;7.40 g;1.663 g;4.150 g;0.847 g;6.00 mg;0.0 g;0.55 g;6.00 mg;42.00 mg;48.70 g
1096;Campbell's Pork and Beans;100 g;108;1.2g;0.4g;4mg;338.00 mg;0;0;0;0;0;0;0;0.00 IU;0;0;0;0;0;0;0;0;0.0 mg;0;0;0;0;31.00 mg;0;1.11 mg;0;0;0;0;0;0;4.62 g;0;0;0;0;0;0;0;0;0;0;0;0;0;0;0;0;0;0;0;19.23 g;5.4 g;6.15 g;0;0;0;0;0;0;1.15 g;0.385 g;0;0;4.00 mg;0;1.30 g;0;0;73.70 g
1139;Rice and Wheat cereal bar;100 g;409;9.1g;;0;500.00 mg;22.4 mg;15.00 mcg;0.00 mcg;9.091 mg;0.064 mg;0.773 mg;0.682 mg;0.00 IU;0.00 mcg;0.00 mcg;0.00 mcg;0.00 mcg;0.00 mcg;0;0.00 mcg;0.909 mg;0.0 mg;0.00 IU;2.94 mg;2.94 mg;1.2 mcg;31.00 mg;0.185 mg;2.56 mg;46.00 mg;1.407 mg;136.00 mg;143.00 mg;24.9 mcg;1.78 mg;9.09 g;0;0;0;0;0;0;0;1;0;0;0;0;0;0;0;0;0;0;0;72.73 g;1.8 g;31.80 g;0;0;0;0;0;0;9.09 g;0.000 g;6.567 g;2.049 g;0.00 mg;0.0 g;1.60 g;0.00 mg;0.00 mg;7.50 g
1144;SILK Raspberry soy yogurt;100 g;88;1.2g;;0;15.00 mg;0;0;0;0;0;0;0;0.00 IU;0;0;0;0;0;0;0;0;17.6 mg;0;0;0;0;176.00 mg;0;0.64 mg;0;0;0;0;0;0;2.35 g;0;0;0;0;0;0;0;1;0;0;0;0;0;0;0;0;0;0;0;17.65 g;0.6 g;12.94 g;0;0;0;0;0;0;1.18 g;0.000 g;0;0;0.00 mg;0;1.24 g;0;0;77.59 g
1145;SILK Blueberry soy yogurt;100 g;88;1.2g;;0;15.00 mg;0;0;0;0;0;0;0;0.00 IU;0;0;0;0;0;0;0;0;17.6 mg;0;0;0;0;176.00 mg;0;0.64 mg;0;0;0;0;0;0;2.35 g;0;0;0;0;0;0;0;1;0;0;0;0;0;0;0;0;0;0;0;17.06 g;0.6 g;12.35 g;0;0;0;0;0;0;1.18 g;0.000 g;0;0;0.00 mg;0;1.24 g;0;0;78.18 g
1231;SILK Key Lime soy yogurt;100 g;88;1.2g;;0;15.00 mg;0;0;0;0;0;0;0;0.00 IU;0;0;0;0;0;0;0;0;17.6 mg;0;0;0;0;176.00 mg;0;0.64 mg;0;0;0;0;0;0;2.35 g;0;0;0;0;0;0;0;1;0;0;0;0;0;0;0;0;0;0;0;17.65 g;0.6 g;12.35 g;0;0;0;0;0;0;1.18 g;0.000 g;0;0;0.00 mg;0;1.24 g;0;0;77.59 g
1265;Octopus (Alaska Native);100 g;56;0.8g;0.2g;41mg;0;0;0;0;2.000 mg;0;0.040 mg;0.030 mg;0.00 IU;0;0;0;0;0;0;0;0;0.0 mg;0;0;0;0;35.00 mg;0.370 mg;4.90 mg;0;0.021 mg;158.00 mg;0;0;1.43 mg;12.30 g;0;0;0;0;0;0;0;0;0;0;0;0;0;0;0;0;0;0;0;0.00 g;0;0;0;0;0;0;0;0;0.80 g;0.200 g;0;0.200 g;41.00 mg;0;1.50 g;0;0;84.00 g
1339;Chickpea flour (besan);100 g;387;6.7g;0.7g;0;64.00 mg;0;437.00 mcg;0.00 mcg;1.762 mg;0.606 mg;0.106 mg;0.486 mg;41.00 IU;2.00 mcg;0.00 mcg;25.00 mcg;0.00 mcg;0.00 mcg;0;0.00 mcg;0.492 mg;0.0 mg;0.00 IU;0.83 mg;0.83 mg;9.1 mcg;45.00 mg;0.912 mg;4.86 mg;166.00 mg;1.600 mg;318.00 mg;846.00 mg;8.3 mcg;2.81 mg;22.39 g;0;0;0;0;0;0;0;0;0;0;0;0;0;0;0;0;0;0;0;57.82 g;10.8 g;10.85 g;0;0;0;0;0;0;6.69 g;0.693 g;1.504 g;2.983 g;0.00 mg;0.0 g;2.82 g;0.00 mg;0.00 mg;10.28 g
1368;Soy sauce made from soy (tamari);100 g;60;0.1g;;0;5586.00 mg;38.4 mg;18.00 mcg;0.00 mcg;3.951 mg;0.376 mg;0.152 mg;0.059 mg;0.00 IU;0.00 mcg;0.00 mcg;0.00 mcg;0.00 mcg;0.00 mcg;0;0.00 mcg;0.200 mg;0.0 mg;0.00 IU;0.00 mg;0.00 mg;0.0 mcg;20.00 mg;0.135 mg;2.38 mg;40.00 mg;0.499 mg;130.00 mg;212.00 mg;0.8 mcg;0.43 mg;10.51 g;0.536 g;0.405 g;0.882 g;0.107 g;2.411 g;0.435 g;0.215 g;0;0.487 g;0.735 g;0.731 g;0.167 g;0.534 g;0.806 g;0.483 g;0.407 g;0.181 g;0.342 g;0.524 g;5.57 g;0.8 g;1.70 g;0;0;0;0;0;0;0.10 g;0.011 g;0.017 g;0.044 g;0.00 mg;0.0 g;17.82 g;0.00 mg;0.00 mg;66.00 g
1419;Chocolate-flavored hazelnut spread;100 g;541;30g;28g;0;41.00 mg;17.6 mg;14.00 mcg;0.00 mcg;0.427 mg;0.357 mg;0.170 mg;0.085 mg;3.00 IU;1.00 mcg;0.00 mcg;1.00 mcg;0.00 mcg;10.00 mcg;0;0.27 mcg;0.082 mg;0.0 mg;0.00 IU;4.96 mg;4.96 mg;1.9 mcg;108.00 mg;0.469 mg;4.38 mg;64.00 mg;0.868 mg;152.00 mg;407.00 mg;3.6 mcg;1.06 mg;5.41 g;0;0;0;0;0;0;0;1;0;0;0;0;0;0;0;0;0;0;0;62.16 g;5.4 g;54.05 g;0;0;0;0;0;0;29.73 g;28.423 g;0.000 g;0.000 g;0.00 mg;0.0 g;1.44 g;7.00 mg;230.00 mg;1.07 g
1458;Reddi Wip Fat Free Whipped Topping;100 g;149;5g;2.9g;16mg;72.00 mg;0.0 mg;17.00 mcg;0.00 mcg;0.364 mg;0;0.619 mg;0.148 mg;175.00 IU;49.00 mcg;0.00 mcg;9.00 mcg;0.00 mcg;0.00 mcg;0;1.48 mcg;0.123 mg;0.0 mg;0.00 IU;0.09 mg;0.09 mg;0.3 mcg;108.00 mg;0.019 mg;0.03 mg;8.00 mg;0;68.00 mg;108.00 mg;3.0 mcg;0.31 mg;3.00 g;0;0;0;0;0;0;0;1;0;0;0;0;0;0;0;0;0;0;0;25.00 g;0.4 g;16.00 g;0;0;0;0;0;0;5.00 g;2.869 g;1.250 g;0.299 g;16.00 mg;0.0 g;0.56 g;0.00 mg;0.00 mg;66.44 g
1654;SILK Banana-Strawberry soy yogurt;100 g;88;1.2g;;0;15.00 mg;0;0;0;0;0;0;0;0.00 IU;0;0;0;0;0;0;0;0;17.6 mg;0;0;0;0;176.00 mg;0;0.64 mg;0;0;0;0;0;0;2.35 g;0;0;0;0;0;0;0;1;0;0;0;0;0;0;0;0;0;0;0;17.06 g;0.6 g;10.59 g;0;0;0;0;0;0;1.18 g;0.000 g;0;0;0.00 mg;0;1.24 g;0;0;78.18 g
1661;Oven-roasted chicken breast roll;100 g;134;7.7g;2.5g;39mg;883.00 mg;0;3.00 mcg;0.00 mcg;6.536 mg;0.565 mg;0.062 mg;0.043 mg;0.00 IU;0.00 mcg;0.00 mcg;0.00 mcg;0.00 mcg;0.00 mcg;0;0.24 mcg;0.298 mg;0.0 mg;0;0.07 mg;0.07 mg;0.5 mcg;6.00 mg;0.069 mg;0.32 mg;17.00 mg;0.017 mg;121.00 mg;324.00 mg;11.7 mcg;0.65 mg;14.59 g;0.873 g;0.928 g;1.301 g;0.198 g;2.112 g;1.034 g;0.419 g;0;0.711 g;1.048 g;1.167 g;0.382 g;0.562 g;0.750 g;0.520 g;0.597 g;0.160 g;0.461 g;0.702 g;1.79 g;0.0 g;0.43 g;0;0;0;0;0;0;7.65 g;2.480 g;2.816 g;1.456 g;39.00 mg;0.0 g;2.99 g;0.00 mg;0.00 mg;72.98 g
1712;Cheesecake commercially prepared;100 g;321;23g;9.9g;55mg;438.00 mg;45.9 mg;18.00 mcg;3.00 mcg;0.195 mg;0.571 mg;0.193 mg;0.028 mg;547.00 IU;159.00 mcg;0.00 mcg;34.00 mcg;2.00 mcg;62.00 mcg;0;0.17 mcg;0.052 mg;0.4 mg;18.00 IU;0.56 mg;0.56 mg;4.4 mcg;51.00 mg;0.020 mg;0.63 mg;11.00 mg;0.140 mg;93.00 mg;90.00 mg;5.2 mcg;0.51 mg;5.50 g;0.252 g;0.251 g;0.406 g;0.071 g;1.022 g;0.221 g;0.133 g;0;0.281 g;0.464 g;0.372 g;0.136 g;0.258 g;0.481 g;0.307 g;0.222 g;0.064 g;0.222 g;0.314 g;25.50 g;0.4 g;21.80 g;0;0;0;0;0;0;22.50 g;9.921 g;8.634 g;1.602 g;55.00 mg;0.0 g;0.90 g;0.00 mg;0.00 mg;45.60 g
1934;Vegetarian meatloaf or patties;100 g;197;9g;1.4g;0;550.00 mg;73.1 mg;78.00 mcg;0.00 mcg;10.000 mg;0;0.600 mg;0.900 mg;0.00 IU;0.00 mcg;0.00 mcg;0.00 mcg;0.00 mcg;0.00 mcg;0;2.40 mcg;1.200 mg;0.0 mg;0.00 IU;1.73 mg;1.73 mg;0.0 mcg;29.00 mg;0.706 mg;2.10 mg;18.00 mg;0;344.00 mg;180.00 mg;0.8 mcg;1.80 mg;21.00 g;0;0;0;0;0;0;0;0;0;0;0;0;0;0;0;0;0;0;0;8.00 g;4.6 g;1.20 g;0;0;0;0;0;0;9.00 g;1.425 g;2.188 g;4.666 g;0.00 mg;0.0 g;4.00 g;0.00 mg;0.00 mg;58.00 g
2008;HOUSE FOODS Premium Soft Tofu;100 g;59;2.7g;0.5g;0;34.00 mg;0;0;0;0;0;0;0;34.00 IU;0;0;0;0;0;0;0;0;0.9 mg;0;0;0;0;78.00 mg;0;1.53 mg;0;0;0;0;0;0;6.38 g;0;0;0;0;0;0;0;1;0;0;0;0;0;0;0;0;0;0;0;2.19 g;0.8 g;0.53 g;0;0;0;0;0;0;2.71 g;0.480 g;0.630 g;1.610 g;0.00 mg;0;0.64 g;0;0;88.08 g
2297;Chilchen (Red Berry Beverage) (Navajo);100 g;44;0.6g;0.1g;0;15.00 mg;0;8.00 mcg;0;0.248 mg;0.030 mg;0.015 mg;0.020 mg;0;0;0;0;0;0;0;0;0.033 mg;0;0;0.00 mg;0.00 mg;0.0 mcg;7.00 mg;0.019 mg;0.95 mg;9.00 mg;0.074 mg;23.00 mg;28.00 mg;0;0.19 mg;0.81 g;0;0;0;0;0;0;0;0;0;0;0;0;0;0;0;0;0;0;0;8.68 g;0;2.60 g;0.74 g;0.00 g;0.60 g;0.00 g;0.11 g;1.15 g;0.63 g;0.075 g;0.135 g;0.151 g;0;0;0.20 g;0;0;89.69 g
2383;Ascidians (tunughnak) (Alaska Native);100 g;20;0.5g;0.1g;7mg;656.00 mg;0;0;0;0.000 mg;0;0.200 mg;0.000 mg;0.00 IU;0;0;0;0;0;0;0;0;0.0 mg;0;0;0;0;47.00 mg;0;3.30 mg;0;0;0;102.00 mg;0;0;3.80 g;0;0;0;0;0;0;0;0;0;0;0;0;0;0;0;0;0;0;0;0.00 g;0;0;0;0;0;0;0;0;0.50 g;0.100 g;0.120 g;0.200 g;7.00 mg;0;3.10 g;0;0;90.40 g
2471;SILK Vanilla soy yogurt (family size);100 g;79;1.8g;0.2g;0;13.00 mg;0;0;0;0;0;0;0;0;0;0;0;0;0;0;0;0;0.0 mg;53.00 IU;0;0;0;132.00 mg;0;0.48 mg;0;0;0;0;0;0;2.64 g;0;0;0;0;0;0;0;1;0;0;0;0;0;0;0;0;0;0;0;13.66 g;0.4 g;10.57 g;0;0;0;0;0;0;1.76 g;0.220 g;0;0;0.00 mg;0;1.24 g;0;0;80.70 g
2568;CAMPBELL'S Homestyle Minestrone Soup;100 g;41;0.4g;;0;322.00 mg;0;0;0;0;0;0;0;612.00 IU;0;0;0;0;0;0;0;0;0.0 mg;0;0;0;0;16.00 mg;0;0.44 mg;0;0;0;0;0;0;1.63 g;0;0;0;0;0;0;0;0;0;0;0;0;0;0;0;0;0;0;0;7.35 g;1.6 g;2.45 g;0;0;0;0;0;0;0.41 g;0.000 g;0;0;0.00 mg;0;1.90 g;0;0;88.30 g
2791;Wonton wrappers (includes egg roll wrappers);100 g;291;1.5g;0.3g;9mg;572.00 mg;0;86.00 mcg;69.00 mcg;5.424 mg;0.025 mg;0.378 mg;0.519 mg;14.00 IU;4.00 mcg;0;0;0;0;0;0.02 mcg;0.030 mg;0.0 mg;0;0;0;0;47.00 mg;0.147 mg;3.36 mg;20.00 mg;0.638 mg;81.00 mg;82.00 mg;28.2 mcg;0.71 mg;9.80 g;0.307 g;0.348 g;0.413 g;0.221 g;3.384 g;0.336 g;0.209 g;1;0.369 g;0.684 g;0.204 g;0.176 g;0.486 g;1.134 g;0.483 g;0.268 g;0.114 g;0.273 g;0.417 g;57.90 g;1.8 g;0;0;0;0;0;0;0;1.50 g;0.263 g;0.195 g;0.610 g;9.00 mg;0.0 g;1.90 g;0;0;28.80 g
2814;CAMPBELL'S Homestyle Butternut Squash Bisque;100 g;45;1.2g;0.8g;4mg;265.00 mg;0;0;0;0;0;0;0;204.00 IU;0;0;0;0;0;0;0;0;0.0 mg;0;0;0;0;8.00 mg;0;0.15 mg;0;0;0;0;0;0;0.41 g;0;0;0;0;0;0;0;0;0;0;0;0;0;0;0;0;0;0;0;7.76 g;0.4 g;4.90 g;0;0;0;0;0;0;1.22 g;0.816 g;0;0;4.00 mg;0;1.00 g;0;0;89.80 g
2954;KRAFT BREAKSTONE'S FREE Fat Free Sour Cream;100 g;91;1.3g;0.8g;9mg;72.00 mg;0;0;0;0;0;0;0;679.00 IU;0;0;0;0;0;0;0;0;1.2 mg;0;0;0;0;141.00 mg;0;0.05 mg;0;0;116.00 mg;219.00 mg;0;0;4.70 g;0;0;0;0;0;0;0;0;0;0;0;0;0;0;0;0;0;0;0;15.10 g;0.0 g;7.20 g;0;0;0;0;0;0;1.30 g;0.800 g;0;0;9.00 mg;0;1.20 g;0;0;77.70 g
3106;CAMPBELL'S Homestyle Vegetable Medley Soup;100 g;37;0.2g;;0;322.00 mg;0;0;0;0;0;0;0;816.00 IU;0;0;0;0;0;0;0;0;0.0 mg;0;0;0;0;16.00 mg;0;0.29 mg;0;0;0;0;0;0;1.22 g;0;0;0;0;0;0;0;1;0;0;0;0;0;0;0;0;0;0;0;7.35 g;1.2 g;3.27 g;0;0;0;0;0;0;0.20 g;0.000 g;0;0;0.00 mg;0;2.30 g;0;0;88.90 g
3213;Soy sauce made from soy and wheat (shoyu);100 g;53;0.6g;0.1g;0;5493.00 mg;18.3 mg;14.00 mcg;0.00 mcg;2.196 mg;0.297 mg;0.165 mg;0.033 mg;0.00 IU;0.00 mcg;0.00 mcg;0.00 mcg;0.00 mcg;0.00 mcg;0;0.00 mcg;0.148 mg;0.0 mg;0.00 IU;0.00 mg;0.00 mg;0.0 mcg;33.00 mg;0.043 mg;1.45 mg;74.00 mg;1.018 mg;166.00 mg;435.00 mg;0.5 mcg;0.87 mg;8.14 g;0.294 g;0.463 g;0.719 g;0.118 g;1.579 g;0.297 g;0.174 g;1;0.318 g;0.537 g;0.381 g;0.097 g;0.353 g;0.493 g;0.388 g;0.271 g;0.096 g;0.244 g;0.332 g;4.93 g;0.8 g;0.40 g;0.00 g;0.00 g;0.30 g;0.00 g;0.00 g;0.10 g;0.57 g;0.073 g;0.088 g;0.263 g;0.00 mg;0.0 g;15.21 g;0.00 mg;0.00 mg;71.15 g
3252;KRAFT BREAKSTONE'S Reduced Fat Sour Cream;100 g;152;12g;7.6g;50mg;59.00 mg;0;0;0;0;0;0;0;1053.00 IU;0;0;0;0;0;0;0;0;1.1 mg;0;0;0;0;161.00 mg;0;0.06 mg;0;0;110.00 mg;210.00 mg;0;0;4.50 g;0;0;0;0;0;0;0;1;0;0;0;0;0;0;0;0;0;0;0;6.50 g;0.1 g;6.40 g;0;0;0;0;0;0;12.00 g;7.600 g;0;0;50.00 mg;0;0.80 g;0;0;76.20 g
3280;HORMEL Pillow Pak Sliced Turkey Pepperoni;100 g;243;12g;3.5g;123mg;1858.00 mg;0;4.00 mcg;0.00 mcg;0;0;0;0;49.00 IU;15.00 mcg;0.00 mcg;0.00 mcg;0.00 mcg;0.00 mcg;0;0;0;0.0 mg;0;0;0;0;26.00 mg;0.200 mg;2.70 mg;41.00 mg;0;0;449.00 mg;0;4.30 mg;30.99 g;0;0;0;0;0;0;0;0;0;0;0;0;0;0;0;0;0;0;0;3.78 g;0.0 g;0.00 g;0;0;0;0;0;0;11.52 g;3.520 g;4.650 g;3.320 g;123.00 mg;0.0 g;5.87 g;0.00 mg;0.00 mg;47.84 g
3467;CAMPBELL'S Homestyle Potato Broccoli Cheese Soup;100 g;65;3.7g;0.8g;2mg;265.00 mg;0;0;0;0;0;0;0;41.00 IU;0;0;0;0;0;0;0;0;1.0 mg;0;0;0;0;16.00 mg;0;0.29 mg;0;0;0;0;0;0;1.22 g;0;0;0;0;0;0;0;1;0;0;0;0;0;0;0;0;0;0;0;6.94 g;1.2 g;1.22 g;0;0;0;0;0;0;3.67 g;0.816 g;0;0;2.00 mg;0;0.20 g;0;0;88.00 g
3471;Soy sauce made from hydrolyzed vegetable protein;100 g;60;0.5g;;0;6820.00 mg;27.5 mg;13.00 mcg;0.00 mcg;2.828 mg;0.269 mg;0.109 mg;0.042 mg;0.00 IU;0.00 mcg;0.00 mcg;0.00 mcg;0.00 mcg;0.00 mcg;0;0.00 mcg;0.143 mg;0.0 mg;0.00 IU;0.00 mg;0.00 mg;0.0 mcg;17.00 mg;0.041 mg;0.33 mg;29.00 mg;0.100 mg;94.00 mg;447.00 mg;0.8 mcg;0.23 mg;7.00 g;0;0;0;0;0;0;0;1;0;0;0;0;0;0;0;0;0;0;0;7.84 g;0.5 g;1.30 g;0.00 g;0.00 g;0.70 g;0.00 g;0.60 g;0.00 g;0.51 g;0.040 g;0.060 g;0.147 g;0.00 mg;0.0 g;16.63 g;0.00 mg;0.00 mg;68.02 g
3522;KRAFT VELVEETA Pasteurized Process Cheese Spread;100 g;303;22g;14g;80mg;1499.00 mg;0;0;0;0;0;0.350 mg;0;1107.00 IU;0;0;0;0;0;0;0;0;0.2 mg;0;0;0;0;466.00 mg;0;0.18 mg;0;0;863.00 mg;335.00 mg;0;1.84 mg;16.30 g;0;0;0;0;0;0;0;0;0;0;0;0;0;0;0;0;0;0;0;9.80 g;0.0 g;8.10 g;0;0;0;0;0;0;22.00 g;14.400 g;0;0;80.00 mg;0;6.00 g;0;0;45.80 g
3559;McDONALD'S Bacon Ranch Salad with Crispy Chicken;100 g;122;6.3g;1.6g;22mg;273.00 mg;0;0;0;3.025 mg;0.561 mg;0.071 mg;0.060 mg;2485.00 IU;0;0;0;0;0;0;0;0;9.7 mg;0;0;0;0;46.00 mg;0;0.61 mg;0;0;0;0;0;0;8.82 g;0;0;0;0;0;0;0;0;0;0;0;0;0;0;0;0;0;0;0;6.08 g;1.0 g;1.53 g;0;0;0;0;0;0;6.30 g;1.622 g;2.467 g;1.619 g;22.00 mg;0;1.41 g;0;0;77.38 g
3620;CAMPBELL'S Homestyle Italian-Style Wedding Soup;100 g;49;1.4g;0.6g;6mg;322.00 mg;0;0;0;0;0;0;0;204.00 IU;0;0;0;0;0;0;0;0;0.0 mg;0;0;0;0;16.00 mg;0;0.44 mg;0;0;0;0;0;0;2.86 g;0;0;0;0;0;0;0;0;0;0;0;0;0;0;0;0;0;0;0;6.12 g;0.8 g;1.22 g;0;0;0;0;0;0;1.43 g;0.612 g;0;0;6.00 mg;0;0.60 g;0;0;89.20 g
3926;CAMPBELL'S Homestyle New England Clam Chowder;100 g;70;4.2g;0.8g;4mg;363.00 mg;0;0;0;0.422 mg;0;0.015 mg;0.015 mg;0.00 IU;0;0;0;0;0;0;0;0;0.0 mg;0;0;0;0;14.00 mg;0.025 mg;0.56 mg;13.00 mg;0.076 mg;31.00 mg;337.00 mg;4.3 mcg;0.27 mg;2.33 g;0;0;0;0;0;0;0;1;0;0;0;0;0;0;0;0;0;0;0;5.68 g;0.8 g;0.00 g;0.00 g;0.00 g;0.00 g;0.00 g;0.00 g;0.00 g;4.23 g;0.816 g;0;0;4.00 mg;0;1.23 g;0;0;86.53 g
3959;Corned beef and potatoes in tortilla (Apache);100 g;224;8.3g;3.4g;11mg;511.00 mg;0;70.00 mcg;0;2.545 mg;0;0.135 mg;0.277 mg;0;0;0;0;0;0;0;0.23 mcg;0.214 mg;0;0;0.20 mg;0.20 mg;3.1 mcg;27.00 mg;0.066 mg;1.80 mg;22.00 mg;0.310 mg;82.00 mg;275.00 mg;11.3 mcg;0.88 mg;7.91 g;0;0;0;0;0;0;0;1;0;0;0;0;0;0;0;0;0;0;0;29.35 g;1.5 g;1.79 g;0.25 g;0.00 g;0.21 g;0.00 g;0.97 g;0.37 g;8.31 g;3.366 g;3.345 g;0.864 g;11.00 mg;0;1.92 g;0;0;52.51 g
4062;SILK Vanilla soy yogurt (single serving size);100 g;88;1.8g;;0;12.00 mg;0;0;0;0;0;0;0;0.00 IU;0;0;0;0;0;0;0;0;17.6 mg;0;0;0;0;176.00 mg;0;0.85 mg;0;0;0;0;0;0;2.94 g;0;0;0;0;0;0;0;1;0;0;0;0;0;0;0;0;0;0;0;14.71 g;0.6 g;10.59 g;0;0;0;0;0;0;1.76 g;0.000 g;0;0;0.00 mg;0;1.24 g;0;0;79.35 g
4111;Campbell's Brown Sugar And Bacon Flavored Baked Beans;100 g;123;1.9g;0.4g;4mg;362.00 mg;0;0;0;0;0;0;0;0.00 IU;0;0;0;0;0;0;0;0;0.0 mg;0;0;0;0;31.00 mg;0;1.11 mg;0;0;0;0;0;0;3.85 g;0;0;0;0;0;0;0;1;0;0;0;0;0;0;0;0;0;0;0;23.08 g;6.2 g;10.00 g;0;0;0;0;0;0;1.92 g;0.385 g;0;0;4.00 mg;0;1.75 g;0;0;69.40 g
4202;Shortening household soybean (hydrogenated) and palm;100 g;884;100g;25g;0;0.00 mg;0;0.00 mcg;0.00 mcg;0.000 mg;0.000 mg;0.000 mg;0.000 mg;0.00 IU;0.00 mcg;0;0;0;0;0;0.00 mcg;0.000 mg;0.0 mg;0;0;0;0;0.00 mg;0.000 mg;0.00 mg;0.00 mg;0.000 mg;0.00 mg;0.00 mg;0.0 mcg;0.00 mg;0.00 g;0.000 g;0.000 g;0.000 g;0.000 g;0.000 g;0.000 g;0.000 g;1;0.000 g;0.000 g;0.000 g;0.000 g;0.000 g;0.000 g;0.000 g;0.000 g;0.000 g;0.000 g;0.000 g;0.00 g;0.0 g;0;0;0;0;0;0;0;100.00 g;25.020 g;42.510 g;26.640 g;0.00 mg;0;0.00 g;0;0;0.00 g
4359;KELLOGG'S EGGO Lowfat Blueberry Nutri-Grain Waffles;100 g;208;2.8g;0.4g;0;591.00 mg;0;51.00 mcg;0;5.130 mg;0;0.440 mg;0.380 mg;1282.00 IU;0;0;0;0;0;0;1.54 mcg;0.510 mg;0.0 mg;0;0;0;0;61.00 mg;0;4.62 mg;54.00 mg;0;77.00 mg;68.00 mg;0;0;5.95 g;0;0;0;0;0;0;0;0;0;0;0;0;0;0;0;0;0;0;0;42.71 g;3.5 g;8.89 g;0;0;0;0;0;0;2.83 g;0.410 g;1.150 g;0.800 g;0.00 mg;0;2.45 g;0;0;46.06 g
4374;CAMPBELL'S Homestyle Harvest Tomato with Basil Soup;100 g;45;0.4g;0.2g;2mg;322.00 mg;0;0;0;0;0;0;0;204.00 IU;0;0;0;0;0;0;0;0;7.3 mg;0;0;0;0;8.00 mg;0;0.29 mg;0;0;0;0;0;0;0.82 g;0;0;0;0;0;0;0;1;0;0;0;0;0;0;0;0;0;0;0;9.39 g;0.8 g;6.53 g;0;0;0;0;0;0;0.41 g;0.204 g;0;0;2.00 mg;0;1.70 g;0;0;87.90 g
4402;CAMPBELL'S Homestyle Light New England Clam Chowder;100 g;49;1.6g;0.4g;4mg;322.00 mg;0;0;0;0;0;0;0;0.00 IU;0;0;0;0;0;0;0;0;0.0 mg;0;0;0;0;8.00 mg;0;0.59 mg;0;0;0;0;0;0;2.45 g;0;0;0;0;0;0;0;0;0;0;0;0;0;0;0;0;0;0;0;6.12 g;0.8 g;0.41 g;0;0;0;0;0;0;1.63 g;0.408 g;0;0;4.00 mg;0;1.30 g;0;0;88.70 g
4733;KRAFT CHEEZ WHIZ Pasteurized Process Cheese Sauce;100 g;276;21g;13g;75mg;1638.00 mg;0;0;0;0;0;0.240 mg;0;649.00 IU;0;0;0;0;0;0;0;0;0.4 mg;0;0;0;0;359.00 mg;0;0.19 mg;0;0;806.00 mg;240.00 mg;0;1.64 mg;12.00 g;0;0;0;0;0;0;0;1;0;0;0;0;0;0;0;0;0;0;0;9.20 g;0.3 g;6.70 g;0;0;0;0;0;0;21.00 g;13.100 g;0;0;75.00 mg;0;5.80 g;0;0;51.50 g
4893;KRAFT CHEEZ WHIZ LIGHT Pasteurized Process Cheese Product;100 g;215;9.5g;6.4g;35mg;1705.00 mg;0;0;0;0;0;0.330 mg;0;628.00 IU;0;0;0;0;0;0;0;0;0.4 mg;0;0;0;0;418.00 mg;0;0.16 mg;0;0;943.00 mg;297.00 mg;0;2.36 mg;16.30 g;0;0;0;0;0;0;0;0;0;0;0;0;0;0;0;0;0;0;0;16.20 g;0.2 g;8.20 g;0;0;0;0;0;0;9.50 g;6.400 g;0;0;35.00 mg;0;6.40 g;0;0;51.50 g
5031;CAMPBELL'S Homestyle Mexican Style Chicken Tortilla Soup;100 g;53;0.8g;0.4g;4mg;347.00 mg;0;0;0;0;0;0;0;82.00 IU;0;0;0;0;0;0;0;0;0.0 mg;0;0;0;0;8.00 mg;0;0.15 mg;0;0;0;0;0;0;2.86 g;0;0;0;0;0;0;0;0;0;0;0;0;0;0;0;0;0;0;0;8.16 g;1.2 g;1.63 g;0;0;0;0;0;0;0.82 g;0.408 g;0;0;4.00 mg;0;1.40 g;0;0;86.40 g
5094;CAMPBELL'S Homestyle Chicken with White & Wild Rice Soup;100 g;41;0.4g;;4mg;322.00 mg;0;0;0;0;0;0;0;408.00 IU;0;0;0;0;0;0;0;0;0.0 mg;0;0;0;0;8.00 mg;0;0.15 mg;0;0;0;0;0;0;2.45 g;0;0;0;0;0;0;0;1;0;0;0;0;0;0;0;0;0;0;0;6.94 g;0.4 g;1.22 g;0;0;0;0;0;0;0.41 g;0.000 g;0;0;4.00 mg;0;1.50 g;0;0;88.70 g
5431;CAMPBELL'S Homestyle Light Italian-Style Wedding Soup;100 g;33;0.6g;0.2g;4mg;322.00 mg;0;0;0;0;0;0;0;408.00 IU;0;0;0;0;0;0;0;0;0.0 mg;0;0;0;0;16.00 mg;0;0.44 mg;0;0;0;0;0;0;2.45 g;0;0;0;0;0;0;0;0;0;0;0;0;0;0;0;0;0;0;0;4.49 g;0.4 g;0.82 g;0;0;0;0;0;0;0.61 g;0.204 g;0;0;4.00 mg;0;2.40 g;0;0;89.80 g
6320;KRAFT FREE Singles American Nonfat Pasteurized Process Cheese Product;100 g;148;1g;0.7g;16mg;1298.00 mg;0;0;0;0;0;0.280 mg;0;2166.00 IU;0;0;0;0;0;0;0;0;0.2 mg;0;0;0;0;712.00 mg;0;0.05 mg;0;0;923.00 mg;236.00 mg;0;2.50 mg;22.70 g;0;0;0;0;0;0;0;0;0;0;0;0;0;0;0;0;0;0;0;11.70 g;0.2 g;6.70 g;0;0;0;0;0;0;1.00 g;0.700 g;0;0;16.00 mg;0;6.10 g;0;0;58.00 g
6423;CAMPBELL'S Homestyle HEALTHY REQUEST Mexican Style Chicken Tortilla;100 g;53;1g;0.2g;4mg;167.00 mg;0;0;0;0;0;0;0;122.00 IU;0;0;0;0;0;0;0;0;0.5 mg;0;0;0;0;16.00 mg;0;0.44 mg;0;0;0;216.00 mg;0;0;2.86 g;0;0;0;0;0;0;0;0;0;0;0;0;0;0;0;0;0;0;0;7.76 g;1.2 g;1.22 g;0;0;0;0;0;0;1.02 g;0.204 g;0.204 g;0.000 g;4.00 mg;0;1.30 g;0;0;87.00 g
6476;KRAFT VELVEETA LIGHT Reduced Fat Pasteurized Process Cheese Product;100 g;222;11g;7.1g;42mg;1586.00 mg;0;0;0;0;0;0.650 mg;0;982.00 IU;0;0;0;0;0;0;0;0;0.1 mg;0;0;0;0;574.00 mg;0;0.14 mg;0;0;1024.00 mg;345.00 mg;0;2.49 mg;19.60 g;0;0;0;0;0;0;0;1;0;0;0;0;0;0;0;0;0;0;0;11.80 g;0.0 g;8.50 g;0;0;0;0;0;0;10.60 g;7.100 g;0;0;42.00 mg;0;6.60 g;0;0;51.30 g
7450;CAMPBELL'S Homestyle HEALTHY REQUEST Chicken with Whole Grain Pasta Soup;100 g;40;0.8g;0.2g;4mg;167.00 mg;0;0;0;1.820 mg;0;0.019 mg;0.015 mg;408.00 IU;0;0;0;0;0;0;0;0;0.0 mg;0;0;0;0;11.00 mg;0.025 mg;0.31 mg;9.00 mg;0.054 mg;45.00 mg;265.00 mg;5.0 mcg;0.20 mg;3.80 g;0;0;0;0;0;0;0;0;0;0;0;0;0;0;0;0;0;0;0;4.28 g;0.7 g;0.32 g;0.00 g;0.00 g;0.00 g;0.00 g;0.00 g;0.32 g;0.82 g;0.204 g;0.408 g;0.204 g;4.00 mg;0;1.26 g;0;0;89.84 g
